"id","searchDate","networkCount","caseNumber","offenseType"
"14d2ac5a-dbcf-4251-8bb9-5e43ecc62fc7","2026-09-08T00:29:59.706Z","1037","26-30780","Welfare Check"
"1acd74fc-957e-4589-8871-36a9cd44e98c","2026-09-08T12:46:45.450Z","1","26-30846","Hit and Run/Car Accident"
"c8d4378c-b538-47e5-af5b-653efc51d445","2026-09-08T12:57:31.227Z","1","26-30846","Hit and Run/Car Accident"
"9a361db5-6e6a-4251-84fd-3926f2e2fde9","2026-09-08T14:20:08.134Z","1036","26-30846","Hit and Run/Car Accident"
"f227a8f4-8c0a-4124-a492-ad1646f39711","2026-09-08T15:04:46.101Z","5","26-25815","Homicide/Death Investigation"
"f245dde0-2cc3-4a00-b71c-ae83582f8630","2026-09-08T16:22:57.405Z","1034","26-30864","Larceny/Theft Offenses"
"6188d635-c01e-49c9-ab04-850f585bbfa7","2026-09-08T16:31:04.974Z","1033","26-30864","Larceny/Theft Offenses"
"6028b464-5c58-4ce3-8e4b-e6bc44f64b99","2026-09-08T20:06:44.122Z","1033","26-30864","Motor Vehicle Theft/Stolen"
"53789d3e-74b3-4954-b6ff-d2c8960e3c76","2026-09-08T21:46:14.550Z","1032","26-30864","Larceny/Theft Offenses"
"780d588c-cf0b-4168-91a4-2f793840c6cb","2026-09-09T00:56:52.253Z","4","26-30864","Motor Vehicle Theft/Stolen"
"79c7348a-c07e-4e8b-bfe8-481cd78dbc78","2026-09-09T14:37:24.116Z","1029","26-30981","Welfare Check"
"2a345e9e-8f26-48b9-9f6d-97b33d94c094","2026-09-09T15:04:39.528Z","1029","26-30981","Welfare Check"
"fa0f8eab-4a8b-4732-aee9-1a3bab27a3a1","2026-09-10T02:20:28.572Z","6","26-11978","Robbery"
"275e19af-f46b-42e2-a83a-9142fc35f2e2","2026-09-10T06:44:47.112Z","6","26-31835 KCSD","Motor Vehicle Theft/Stolen"
"345dfcc9-7c61-491a-ae2e-d4491de92483","2026-09-10T12:54:24.455Z","5","26-32128 KCSO","Motor Vehicle Theft/Stolen"
"88084f57-3641-407f-95d8-1f15e92d3072","2026-09-10T13:24:39.988Z","5","26-015832","Wanted Person (Arrest Warrant/Fugitive), Drugs/Narcotics"
"77aaca62-99e8-40c7-bbc5-1653381ae966","2026-09-10T20:18:28.311Z","1021","26-31158","Larceny/Theft Offenses"
"a7ce0c67-3708-40fe-9d93-4a8bb72d4429","2026-09-10T21:21:39.792Z","1021","26-00031167","Welfare Check"
"bb6807e1-110e-46da-a259-eb2db74bcb37","2026-09-10T22:01:50.384Z","1","26-31158","Larceny/Theft Offenses"
"de2e9645-0966-4e7f-8b86-a25e60ac0cdf","2026-09-10T23:47:28.996Z","6","26-31056","Drugs/Narcotics"
"d2e8c67a-fb48-4b01-9866-72e1aa6e72b6","2026-09-11T01:16:09.253Z","6","26-12024","Obstructing the Police (Fleeing/Eluding)"
"4b85630d-aef6-4c06-a0cf-f86b03792b70","2026-09-11T06:11:41.315Z","1021","26-31223","Larceny/Theft Offenses"
"75aff120-0805-4f33-b718-c252630032bd","2026-09-11T06:20:27.596Z","1021","26-31223","Larceny/Theft Offenses"
"b98dc2e4-b534-4dda-9309-5717771055f5","2026-09-11T07:24:15.850Z","1021","26-31223","Larceny/Theft Offenses"
"add31805-f909-422b-99cf-974dc6f22f69","2026-09-11T08:10:54.580Z","1021","26-31223","Obstructing the Police (Fleeing/Eluding)"
"035efc08-98d4-416e-8e47-d9db19e37d2c","2026-09-11T11:30:17.012Z","6","26-31223","Larceny/Theft Offenses"
"f7e13a7a-e4c5-4c93-aa2a-3f887682a118","2026-09-11T13:44:44.963Z","1021","26-30864","Larceny/Theft Offenses"
"a12d2c86-7297-4503-b2f6-5dbdcfff7b39","2026-09-11T15:06:05.957Z","1021","26-30864","Larceny/Theft Offenses"
"f974748c-3656-4fff-bcd8-73ee1c95e6b0","2026-09-11T22:03:28.071Z","1018","26-31309","Motor Vehicle Theft/Stolen"
"00645173-1a1d-41a3-8975-9b83bff82f9c","2026-09-12T12:44:21.534Z","1017","26-31394","Larceny/Theft Offenses"
"19f16ef0-e729-4fab-8d25-4ae59b88eb46","2026-09-12T21:03:57.045Z","4","26-31436","Obstructing the Police (Fleeing/Eluding)"
"291ab7a3-1ead-44d7-93ce-f12a425b3940","2026-09-12T23:08:57.003Z","1017","26-17068","Larceny/Theft Offenses"
"268a3cb4-4c34-4459-80a2-234428b9fb85","2026-09-13T09:07:48.337Z","279","26-31503","Assault/Battery Offenses (Domestic)"
"dcbd21f8-df31-413c-af04-693530cb74bc","2026-09-13T09:21:54.655Z","1","26-31503","Assault/Battery Offenses (Domestic)"
"e3cf62d6-71d0-4ee7-be87-fe8837504ecd","2026-09-13T10:04:06.695Z","1017","26- 31503","Assault/Battery Offenses"
"9178e576-6868-4f62-8e6a-9988d940e314","2026-09-13T10:05:12.523Z","1","26-31503","Assault/Battery Offenses (Domestic)"
"82056573-c43f-446a-8c66-f4e4b6602444","2026-09-14T01:28:26.991Z","1","26-31568","Assault/Battery Offenses"
"61c67fa7-90f5-413a-bbd3-67b92b4658ec","2026-09-14T01:30:33.107Z","1000","26-31568","Assault/Battery Offenses (Domestic)"
"9adb8f2a-19dd-4883-9984-ab6251685b38","2026-09-14T02:02:03.342Z","1017","26-31568","Assault/Battery Offenses"
"9570b58d-bcba-4ba9-807c-a794e233ee45","2026-09-14T02:21:58.494Z","4","26-31568","Assault/Battery Offenses (Domestic)"
"9011640e-d3c2-4fd6-8eb6-e96ff657d50b","2026-09-14T03:55:17.953Z","4","26-31568","Assault/Battery Offenses (Domestic)"
"b658ca5d-c358-45a4-8010-122ac83cad17","2026-09-14T04:51:36.113Z","1017","26-31582","Hit and Run/Car Accident"
"f9e1dc30-dd6d-4acd-8fa6-ec1d8e10895b","2026-09-14T15:01:46.483Z","279","26-28736","Wanted Person (Arrest Warrant/Fugitive)"
"d8fbda44-437a-4050-9a1b-3d72fe9de660","2026-09-14T15:16:05.282Z","1017","26-31158","Stolen Property Offenses"
"04fc3e96-a18d-493f-abc8-80120558aa2b","2026-09-15T04:01:35.594Z","1013","26-31690","Obstructing the Police (Fleeing/Eluding)"
"e3501779-caf9-45db-b13f-652dd839fef4","2026-09-15T15:52:08.712Z","279","26-31129","Larceny/Theft Offenses"
"a3dc3167-ae2d-423c-ad6e-077593f4ad31","2026-09-15T16:53:21.819Z","1","26-31768","Hit and Run/Car Accident"
"331e75fd-13bc-4bd1-a46e-05921a60088b","2026-09-15T17:06:47.117Z","1","26-31768","Hit and Run/Car Accident"
"495c937f-b340-4a88-8157-fd034b51f871","2026-09-15T18:20:28.792Z","1011","2631783","Larceny/Theft Offenses"
"d64d1b63-557f-4718-83c7-0ce6b2305d1f","2026-09-15T18:51:31.156Z","1","Admin Test","Welfare Check"
"2ffad600-951c-4de3-9215-965bc349c96c","2026-09-16T02:30:19.643Z","6","26-32881","Criminal Motor Vehicle Offense (incl. Road Rage/Reckless)"
"f42cf40f-6a7a-4920-a39d-6ec92accfcc2","2026-09-16T14:12:54.281Z","993","SWE-1-26","Drugs/Narcotics"
"74091c67-b876-47ec-b90c-58efdf15ecec","2026-09-16T18:09:26.306Z","1008","26-31771","Larceny/Theft Offenses"
"7300e731-39a2-4792-aa9a-297723047679","2026-09-16T18:54:03.125Z","1","26-31900","Hit and Run/Car Accident"
"4be48e49-e938-4be5-9e39-a1e9046cb5fc","2026-09-16T19:41:37.658Z","1","26-31900","Hit and Run/Car Accident"
"370bec82-04c3-4673-bffb-ffc00b97118c","2026-09-16T20:00:49.478Z","1008","26-31591","Burglary/Breaking & Entering"
"3d0e3b50-8278-4d00-804e-28befdb80846","2026-09-16T20:41:05.094Z","5","26-11707 KDPS","Weapons Offense (Guns/Shots Fired)"
"9da402cc-5152-47dc-8d4d-fd3ab48416f0","2026-09-16T22:48:43.543Z","4","26-31931","Larceny/Theft Offenses"
"981395e8-dcd1-4c0c-8d19-13edbb1d2d3d","2026-09-16T23:02:25.931Z","4","26-31931","Larceny/Theft Offenses"
"1760417a-cdc7-49e4-9a42-a57ecc19025b","2026-09-17T00:12:51.904Z","1008","26-21190","Wanted Person (Arrest Warrant/Fugitive)"
"038e491d-91d1-419b-9848-cdb0c700fe40","2026-09-17T11:54:40.241Z","1007","26-31506","Burglary/Breaking & Entering"
"ab0e2181-5fa1-4e89-98c7-8f99af17bb3c","2026-09-17T13:48:49.519Z","1","26-31506","Burglary/Breaking & Entering"
"9bbca507-eb93-4353-ba1b-97c51112fdaa","2026-09-17T14:32:44.089Z","1007","26-32024","Burglary/Breaking & Entering"
"7c1899f5-6d86-42d1-bfea-fe613745c2f3","2026-09-17T15:05:09.071Z","1006","26-29577","Larceny/Theft Offenses"
"ec1325ed-8109-472d-9673-e4f095c37019","2026-09-17T15:06:52.440Z","1","26-32024","Burglary/Breaking & Entering"
"af19ee16-15a0-4f87-a8b9-5cc31c5e1e18","2026-09-17T15:09:28.186Z","1","26-31506","Burglary/Breaking & Entering"
"ad05417b-9f95-446f-ba24-cc8881a70485","2026-09-17T20:32:16.099Z","1005","26-32025","Stolen Property Offenses"
"57447b15-9de3-4654-aaa9-d5c1c617f3c9","2026-09-17T20:35:50.524Z","1006","26-31506","Burglary/Breaking & Entering"
"e6cd9bb9-f19e-4332-8b5b-6924ce5467f1","2026-09-18T05:52:32.425Z","1006","26-32074","Burglary/Breaking & Entering"
"e13b73f4-9683-4605-84a8-468439f6ecb0","2026-09-18T12:41:19.959Z","1002","26-32160","Hit and Run/Car Accident"
"3fcd63fd-feb2-4ca6-afe2-c84c5318ee76","2026-09-18T12:53:11.269Z","1002","26-32161","Welfare Check"
"e2532c2d-f850-4d89-a927-4ce0f02484aa","2026-09-18T13:28:41.429Z","1002","26-32161","Welfare Check"
"d01d0238-510f-48a1-987b-c9580d2ec76f","2026-09-19T00:31:29.099Z","6","26-12415 KDPS","Motor Vehicle Theft/Stolen"
"39c5c741-fc0f-4aeb-8957-ac8bdc4ce901","2026-09-19T02:46:28.320Z","6","26-32268","Traffic Infraction"
"69d59983-710a-4541-bd9f-ead3120370ac","2026-09-19T14:03:53.975Z","279","26-2728 KTWP","Motor Vehicle Theft/Stolen"
"953559f9-b70f-42fe-9377-de29caddaeaa","2026-09-19T16:52:57.298Z","7","26-31688","Wanted Person (Arrest Warrant/Fugitive)"
"7badaafc-5ad3-4c3d-b7ce-7e71158b9052","2026-09-19T17:47:04.417Z","1002","26-32348","Destruction/Damage/Vandalism of Property"
"1a89e4bd-c189-4346-af9e-22b38c94da5c","2026-09-19T18:47:43.919Z","279","26-32314","Wanted Person (Arrest Warrant/Fugitive)"
"f52bbf6b-f509-46d8-8723-e85919e23d7a","2026-09-19T19:16:59.551Z","1","26-32359","Larceny/Theft Offenses"
"8704a6ac-d2d8-43da-a260-246f76174ba6","2026-09-19T22:42:58.700Z","6","26-32359","Obstructing the Police (Fleeing/Eluding)"
"12154008-961f-49c7-8e7c-c7f28887332a","2026-09-20T05:18:17.791Z","6","26-12466 kdps","Obstructing the Police (Fleeing/Eluding)"
"b1f9d14c-409c-4a59-ade8-85bbfc569ccc","2026-09-20T11:21:47.440Z","279","26-32459","Wanted Person (Arrest Warrant/Fugitive)"
"fb80920d-2697-495b-afdb-4d873c833b50","2026-09-20T15:13:31.488Z","279","26-32459","Wanted Person (Arrest Warrant/Fugitive)"
"285efba0-9313-47bc-895f-563015fc19bf","2026-09-21T13:01:06.886Z","1","26-32074","Larceny/Theft Offenses"
"090fc6fc-3111-4b76-a2aa-cc4448e1315c","2026-09-21T14:00:06.284Z","1","26-31506","Burglary/Breaking & Entering"
"11b91996-bab7-40a5-9e00-b8af9adb0022","2026-09-21T16:21:11.709Z","1","25-33510","Burglary/Breaking & Entering"
"2d6a39aa-f28f-43ab-b6da-4d7acee81e0b","2026-09-22T02:16:44.489Z","5670","26-21190","Wanted Person (Arrest Warrant/Fugitive)"
"15259489-82f4-44f2-ab1b-49bb48b5c3bd","2026-09-22T12:52:45.170Z","1000","26-31506","Burglary/Breaking & Entering"
"abb97254-7939-4ebf-8727-97e36e85cd5e","2026-09-22T13:09:29.635Z","1000","26-31506","Burglary/Breaking & Entering"
"a28aaddb-d0a5-475f-a6e3-c2fc921d0350","2026-09-22T14:53:56.822Z","1","26-31506","Burglary/Breaking & Entering"
"866ae9a1-7bfe-4311-a25a-e03a474c28a3","2026-09-22T19:07:58.569Z","3","26-32609","Burglary/Breaking & Entering"
"ca0d960d-9089-441b-8f35-93cfaf299cb2","2026-09-22T19:36:09.587Z","980","26-32074","Burglary/Breaking & Entering"
"73ae77d7-7a43-4ed3-9cd1-447a9a0ddaed","2026-09-23T00:26:22.436Z","278","SWE-1-26","Drugs/Narcotics"
"cd4b28c1-09ef-4d56-9793-870f3faa6122","2026-09-23T04:43:29.755Z","1","26-31591","Stolen Property Offenses"
"38c2cd47-c253-43c9-a94c-0b8cd93c9513","2026-09-23T15:55:28.171Z","278","26-32919","Motor Vehicle Theft/Stolen"
"3dc202f3-67cd-47b4-8c61-8b027ef24bb9","2026-09-23T18:22:23.655Z","1","26-32074","Larceny/Theft Offenses"
"b4d9f00a-8434-4372-8c9d-b10001c1f116","2026-09-24T06:37:48.209Z","1","26-33015","Larceny/Theft Offenses"
"fbef6da4-d12b-42a5-8760-ebbe5c59b952","2026-09-24T14:32:29.261Z","992","26-31506","Burglary/Breaking & Entering"
"352fd78c-cb06-48b6-a1c1-3c52a3d1756a","2026-09-24T22:42:02.587Z","985","26-33087","Disorderly Conduct/Disturbance"
"1ec817aa-74a9-4052-b8e9-32515aa009cd","2026-09-24T22:46:27.567Z","977","26-12543","Weapons Offense (Guns/Shots Fired)"
"b0fe7d8a-557e-4d1f-8c0d-07c59284fbc4","2026-09-24T23:00:15.126Z","985","26-33087","Disorderly Conduct/Disturbance"
"1cd2af92-909b-40bb-bf9b-07ca57609989","2026-09-25T00:00:16.004Z","277","SWE-1-26","Drugs/Narcotics"
"2051cbc8-d123-4bbc-b1a3-a953b92a920c","2026-09-25T14:25:07.738Z","993","26-33188","Motor Vehicle Theft/Stolen"
"82885c9e-c48d-4de2-a27e-fdc37e697f1c","2026-09-25T19:17:28.768Z","1","SWE-1-26","Drugs/Narcotics"
"c35408c8-ca72-411c-93be-e641f403cf9f","2026-09-26T01:22:23.406Z","989","26-33247","Assault/Battery Offenses (Domestic)"
"1630764e-0fc4-40c9-a69f-fc20657fb9b4","2026-09-27T02:18:06.247Z","1","26-33367","Hit and Run/Car Accident"
"0ef17f52-51eb-48a2-97a5-07ea6396f6a9","2026-09-27T08:42:40.105Z","990","26-27192","Burglary/Breaking & Entering"
"1c5c8b96-e687-48e1-86f2-e856bff5b4d7","2026-09-27T11:36:09.100Z","988","26-32074","Larceny/Theft Offenses"
"8f1af459-2af6-4c14-bc54-ab9676abb98e","2026-09-27T17:57:34.451Z","16","Vbco 26-009815","Financial Crime (Embezzlement/Fraud)"
"ad10f6ab-5a0b-4827-8237-cbb08d34b063","2026-09-27T18:02:27.218Z","15","Vbco 26-009815","Financial Crime (Embezzlement/Fraud)"
"3d9d6ce2-e151-4cf4-8d6a-860199d73f72","2026-09-27T23:15:53.478Z","2","26-33465","Larceny/Theft Offenses"
"5752d95b-e068-4e8e-9807-2113188bbaa7","2026-09-28T00:00:36.238Z","2","26-33465","Larceny/Theft Offenses"
"c12929f7-401d-4029-9882-52b3a14aa4ae","2026-09-28T00:11:20.787Z","1","33476","Motor Vehicle Theft/Stolen"
"10b443a2-9506-45df-9077-dde1e8fc3c5c","2026-09-28T15:57:24.262Z","991","26-33575","Missing/Endangered Person/Runaway"
"1b051b6b-94cd-4160-b23f-4721f47663fe","2026-09-29T02:42:20.860Z","974","26-90074 kdps cfs","Motor Vehicle Theft/Stolen"
"5553fc6c-933d-4b59-b5ee-e60046822b41","2026-09-29T02:48:37.758Z","6","26-33654","Weapons Offense (Guns/Shots Fired)"
"17c00d72-a1c6-42f1-864e-0c4090d38231","2026-09-29T03:15:43.688Z","6","26-12894 KDPS","Homicide/Death Investigation"
"bf1e0eef-1cc4-4aa1-b5c4-96927b8d2a84","2026-09-29T17:10:18.493Z","988","26-82545","Wanted Person (Arrest Warrant/Fugitive)"
"e9dc1785-5603-434d-a8bd-49e3ee1a1f37","2026-09-29T21:23:35.829Z","1","26-33758","Wanted Person (Arrest Warrant/Fugitive)"
"61003e7e-9ff1-49f1-b88c-477872d23d2c","2026-09-30T01:39:44.084Z","970","SWE-1-26","Drugs/Narcotics"
"cf04cfd4-c94f-4e6c-8253-7a25e9361cfd","2026-09-30T03:38:12.043Z","6","26-33843","Wanted Person (Arrest Warrant/Fugitive)"
"8ddcf1ab-8fe8-45b2-ab7c-936cd2f5bf85","2026-09-30T11:26:04.530Z","985","26-29859","Larceny/Theft Offenses"
"8d7288ca-90ec-417b-91d3-fe9e0cf03b34","2026-09-30T13:13:45.526Z","1","26-33847","Stolen Property Offenses"
"0964d506-155c-4e72-bc2a-9206188673b7","2026-10-01T13:17:05.767Z","5563","26-33975","Motor Vehicle Theft/Stolen"
"9aab15d8-d98a-41bc-8582-43c13a8b01bb","2026-10-01T16:00:31.952Z","974","26-33991","Obstructing Justice"
"b1d8a6f4-73dd-48a2-9505-265d37411eea","2026-10-01T17:17:39.311Z","984","26-002838","Motor Vehicle Theft/Stolen"
"b26349e7-080a-488a-9dac-2ed1005ed26f","2026-10-02T09:08:34.974Z","981","26-91080","Burglary/Breaking & Entering"
"3055ea46-cc3b-4fbe-85a4-4082582ba860","2026-10-02T12:58:18.100Z","983","26-34100","Motor Vehicle Theft/Stolen"
"76d73282-4d42-4aea-9c81-3879b458ad77","2026-10-02T15:15:02.678Z","1","26-32609","Burglary/Breaking & Entering"
"149ab9b2-421b-4064-b043-9329f694870a","2026-10-02T16:17:18.245Z","1","26-32609","Burglary/Breaking & Entering"
"ea4a7e00-c190-4ec7-a24c-3a308f53a3c6","2026-10-02T17:12:58.200Z","3","26-32609","Burglary/Breaking & Entering"
"2e0f6d7d-2201-48f9-aec8-bfb318a4dd34","2026-10-02T18:40:35.845Z","979","2634127","Larceny/Theft Offenses"
"c40e4d77-5798-4bc5-819d-dca90c8fdd27","2026-10-03T01:35:49.420Z","1","26-34171","Hit and Run/Car Accident"
"81d8d943-acfa-463a-85db-03f45e8e5e5c","2026-10-03T03:51:32.031Z","6","26-25235 Wyoming (MI) PD","Wanted Person (Arrest Warrant/Fugitive)"
"c4bb83a3-6b17-46b3-8882-090c0da25b88","2026-10-03T04:13:00.150Z","6","26-13034 kdps","Burglary/Breaking & Entering"
"629edaa2-dd24-4738-910e-e616963c92c7","2026-10-03T05:14:50.843Z","6","26-91372 kdps","Motor Vehicle Theft/Stolen"
"c1ae9021-eef1-49a0-aabf-e6c9357d44de","2026-10-03T08:11:25.587Z","5","26-34234","Curfew/Loitering/Vagrancy Violations"
"59aa15d3-a0de-4b5d-a34d-521d17ce6e68","2026-10-03T19:43:51.795Z","982","26-34294","Motor Vehicle Theft/Stolen"
"0bdecf92-80f1-4dc7-9c00-0cae0c5b4f8b","2026-10-03T20:04:24.934Z","982","26-34291","Motor Vehicle Theft/Stolen"
"2dd314f6-af9c-45a1-a911-5215452676ba","2026-10-03T21:04:00.382Z","277","26-31129","Wanted Person (Arrest Warrant/Fugitive)"
"fff80cc4-e603-4507-9605-086be66bb8dd","2026-10-03T21:49:16.328Z","6","26-34234","Larceny/Theft Offenses"
"6b15611d-f62a-4668-8963-f4bcc5046789","2026-10-03T22:16:00.343Z","277","26-021594","Wanted Person (Arrest Warrant/Fugitive)"
"a7263968-cf15-4c13-8c30-6d5e78e091f3","2026-10-03T23:20:48.014Z","979","26-34317","Larceny/Theft Offenses"
"460949f0-a16c-4c85-8745-46f75ad61fa8","2026-10-04T01:58:25.523Z","6","26-34349","Motor Vehicle Theft/Stolen"
"b1e3aa22-ff71-47ad-aa49-f6538d13f215","2026-10-04T03:10:34.051Z","982","26-34349","Motor Vehicle Theft/Stolen"
"727b24ee-8826-484e-b704-54e7aee8492c","2026-10-04T03:53:34.326Z","6","26-34349","Motor Vehicle Theft/Stolen"
"1f8feb30-4459-4469-955a-ee8d85011ae2","2026-10-04T04:36:49.304Z","6","26-26008221 bcpd","Motor Vehicle Theft/Stolen"
"1df37e75-c23e-4a31-9a94-3d8e834cd7f3","2026-10-04T04:58:11.472Z","965","26-34291","Motor Vehicle Theft/Stolen"
"7d2bc98e-bf38-4248-ac70-3b7fb18dbe58","2026-10-05T01:40:17.474Z","982","26-91869","Motor Vehicle Theft/Stolen"
"6067f5d8-2a96-49df-96ee-ccecf7a98a91","2026-10-05T09:53:25.955Z","982","26-13155","Motor Vehicle Theft/Stolen"
"1f08176c-1c48-47e7-82c5-a11b756df8a4","2026-10-05T22:08:44.462Z","962","26-12543","Weapons Offense (Guns/Shots Fired)"
"9e429e12-f7f7-465b-9fa3-478836195083","2026-10-05T22:33:51.994Z","4","26-34568","Financial Crime (Embezzlement/Fraud)"
"6eebf72c-4ee6-4887-8a89-d531859a45a7","2026-10-05T23:42:55.086Z","961","SWE-1-26","Drugs/Narcotics"
"acbb4196-fd8b-435a-a609-518658230790","2026-10-06T14:55:55.676Z","1","26-34637","Trespass"
"6554ba43-766a-4bca-abe6-00ee586f9768","2026-10-06T17:54:34.236Z","979","26-7883","Wanted Person (Arrest Warrant/Fugitive)"
"39bc5b00-3a8c-4ee1-a612-4b6c22f61c52","2026-10-06T22:04:06.003Z","6","26-12543","Wanted Person (Arrest Warrant/Fugitive)"
"337759ed-97b5-495a-8973-0c2eddb196ae","2026-10-06T22:51:28.709Z","960","SWE-1-26","Drugs/Narcotics"
"d7f1edd5-f04b-48d3-b8f9-2c92f960b353","2026-10-07T02:23:46.367Z","976","26-34712","Hit and Run/Car Accident"
"48877919-df9d-4c9d-8743-c099a7d1bf3d","2026-10-07T02:37:36.967Z","1","26-34712","Hit and Run/Car Accident"
"265b854a-26ff-4dfc-8dd3-7f9a1ac35143","2026-10-07T12:08:12.542Z","276","26-34753","Motor Vehicle Theft/Stolen"
"d82ab377-d22f-4dc8-b992-d2eb69393adb","2026-10-07T12:12:36.379Z","276","26-34753","Motor Vehicle Theft/Stolen"
"94d57d33-05e9-496e-b69f-43aa860cdad7","2026-10-07T18:22:22.870Z","974","26-34753","Motor Vehicle Theft/Stolen"
"889a48b2-fbb6-49cc-a3b7-fa48f42e203a","2026-10-07T18:44:41.018Z","958","34753","Motor Vehicle Theft/Stolen"
"4c7261f5-fd7d-496b-bbd1-65406f2f4746","2026-10-07T18:55:32.460Z","974","26-34753","Motor Vehicle Theft/Stolen"
"707f7880-f01a-4bd1-94ff-ab42d6408761","2026-10-07T19:05:20.691Z","1","26-34753","Motor Vehicle Theft/Stolen"
"782ceaa9-e1ca-4594-975d-41423f2d21f3","2026-10-07T19:58:10.521Z","1","26-34753","Motor Vehicle Theft/Stolen"
"bc9235ff-98df-4e64-a64a-64448329ab44","2026-10-07T19:59:47.501Z","275","26-22557 kcso","Wanted Person (Arrest Warrant/Fugitive)"
"cc63517a-fb66-4c31-82f4-65fcdcf3fe36","2026-10-07T20:04:21.171Z","1","26-34753","Motor Vehicle Theft/Stolen"
"a736c4c0-9649-417b-abb6-a914e68e2b3b","2026-10-07T20:27:06.897Z","971","26-34806","Larceny/Theft Offenses"
"05fe018a-c69c-4379-9db1-27e0b0e17a38","2026-10-07T21:12:53.908Z","956","SWE-1-26","Drugs/Narcotics"