"id","searchDate","networkCount","offenseType"
"f6e1a24c-6b60-4774-a039-cccec4e99ed4","2026-09-09T07:13:38.964Z","23","Motor Vehicle Theft/Stolen"
"d282a1fa-ec02-43e0-bff4-9fe6b1e72deb","2026-09-09T07:47:13.347Z","23","Motor Vehicle Theft/Stolen"
"a00fd63d-19c9-42e8-8e26-6c2e272b4f07","2026-09-09T08:13:51.852Z","23","Motor Vehicle Theft/Stolen"
"f4e14795-8775-4f54-8003-9f5b74d50083","2026-09-09T22:04:09.155Z","23","Child Abuse/Neglect"
"bad9271f-337e-4e2e-919f-4fdcd2689de0","2026-09-09T22:04:44.106Z","23","Welfare Check"
"d376a908-e275-402c-abf5-5db16a43ddc8","2026-09-13T09:13:08.162Z","23","Motor Vehicle Theft/Stolen"
"e9d95ef2-44da-453d-8f09-b93c25576042","2026-09-13T09:27:18.676Z","23","Stolen Property Offenses"
"1e5880c0-25fc-4d2e-be7a-f4e575f93246","2026-09-14T13:04:56.875Z","23","Larceny/Theft Offenses, Burglary/Breaking & Entering"
"25d1ede4-e2e1-4753-b136-1893c30f80c6","2026-09-16T18:20:11.813Z","23","Financial Crime (Embezzlement/Fraud)"
"011d8743-d338-472a-9019-f28af6900978","2026-09-16T19:06:56.281Z","23","Financial Crime (Embezzlement/Fraud)"
"98a744c2-3529-4eeb-88e9-8d8a3e5d997d","2026-09-16T21:28:41.682Z","23","Financial Crime (Embezzlement/Fraud)"
"eb0a1465-ab27-42f7-aecb-8b9de87b8c6e","2026-09-16T23:32:22.808Z","2","Financial Crime (Embezzlement/Fraud)"
"5b23a1cd-c440-4a73-86f0-fcd956c2fecc","2026-09-17T05:09:21.601Z","23","Missing/Endangered Person/Runaway"
"014bd832-592c-4ce7-b9eb-0f41dc3bf5be","2026-09-17T12:17:07.707Z","2","Larceny/Theft Offenses, Burglary/Breaking & Entering"
"3fa9e0f6-355b-4873-8cd7-d10f6911266b","2026-09-17T12:29:39.288Z","23","Larceny/Theft Offenses"
"2c120a81-227d-4f9b-9ad9-13813c49c783","2026-09-17T14:19:29.789Z","227","Obstructing the Police (Fleeing/Eluding)"
"5a68f3ef-55b4-47e9-913d-491c5f6ae3bf","2026-09-18T16:03:32.097Z","23","Motor Vehicle Theft/Stolen"
"4251a7fb-9d28-4000-b5b2-a3ee7ef36f2b","2026-09-18T20:49:59.744Z","5494","Financial Crime (Embezzlement/Fraud)"
"f28d7e28-587f-4283-8396-c566c7dceba1","2026-09-18T21:03:10.598Z","23","Financial Crime (Embezzlement/Fraud)"
"2e9f6d53-b7c5-419b-9797-73b98cd9f03f","2026-09-18T22:58:58.084Z","23","Assault/Battery Offenses"
"d6705999-3e95-4ebe-afb8-2ddbb8e9100b","2026-09-22T17:30:08.083Z","6","Burglary/Breaking & Entering"
"c2f6a5ca-3d4b-4d5f-864f-d0c88d6daa80","2026-09-23T11:03:07.006Z","2","Burglary/Breaking & Entering"
"31c5993a-2392-4850-99e6-48b254b55988","2026-09-24T17:14:34.431Z","23","Financial Crime (Embezzlement/Fraud)"
"df52799f-da33-48ae-8cdf-ee5428437240","2026-09-25T03:06:34.697Z","2","Larceny/Theft Offenses"
"33828812-23c7-4752-97c5-7d6ae964722c","2026-09-25T04:30:57.179Z","3","Larceny/Theft Offenses"
"87149b09-b728-4e6d-8cb9-e3823404a5bd","2026-09-26T03:02:55.815Z","23","Larceny/Theft Offenses"
"5df85ef1-e28b-4509-8d50-d19d85462640","2026-09-26T07:42:51.199Z","23","Larceny/Theft Offenses"
"3078e0d6-973e-4b87-931a-68e9c6e037ba","2026-09-26T08:00:26.525Z","23","Larceny/Theft Offenses"
"4774cafe-3eea-4b0e-a56f-6aef5807e09a","2026-09-26T23:07:30.601Z","23","Assault/Battery Offenses (Domestic)"
"95ccf8ab-2f25-4936-a504-89d63c642e79","2026-09-27T07:51:59.697Z","2","Financial Crime (Embezzlement/Fraud)"
"ae838b8b-5394-4aed-9b6e-cc18a4b0fd2c","2026-09-27T23:13:01.747Z","23","Hit and Run/Car Accident"
"15ea124d-01f7-4fb1-9add-5025300e45dc","2026-09-28T04:42:31.244Z","23","Financial Crime (Embezzlement/Fraud)"
"b1f13147-2001-49d3-9cde-6170b808898e","2026-09-29T13:39:22.892Z","23","Larceny/Theft Offenses"
"ec3892a3-6b49-4714-a4c7-adab7e4ce6d4","2026-09-29T20:11:05.530Z","23","Financial Crime (Embezzlement/Fraud)"
"b698081a-dfed-4bb2-b37a-7d620325b097","2026-09-30T04:02:46.946Z","5411","Financial Crime (Embezzlement/Fraud)"
"58c6c4d5-9a2e-420b-816a-a36c49e4ad11","2026-09-30T18:22:42.443Z","3","Financial Crime (Embezzlement/Fraud)"
"d1ae5382-e836-402a-a7cc-9a6d0878fd54","2026-10-01T06:00:02.897Z","23","Motor Vehicle Theft/Stolen"
"d059e825-05e9-4125-a9ee-fedc737d2ecb","2026-10-01T18:45:04.942Z","5356","Motor Vehicle Theft/Stolen"
"8ed06f1c-adf5-466a-8807-f1743569457c","2026-10-01T19:13:22.045Z","5356","Motor Vehicle Theft/Stolen"
"3daa4e1a-5e13-4fd0-aee6-7bc308911417","2026-10-01T23:20:42.215Z","23","Hit and Run/Car Accident"
"62471752-1045-47b0-a857-f791c261222d","2026-10-01T23:29:42.854Z","23","Hit and Run/Car Accident"
"7add4acc-a85e-4ef7-95c3-66c22a8c11dd","2026-10-02T15:40:17.466Z","198","Property Recovery (Civil Enforcement)"
"cde0e395-c55c-4c35-ab1b-d4933bd9331d","2026-10-02T22:25:29.829Z","23","Kidnapping/Abduction"
"e2fa0f27-1ba6-4c8d-b738-97a363d34f79","2026-10-05T16:28:22.973Z","16","Stolen Property Offenses"
"5c8c6bf7-d357-4038-a23b-32d1e97553ae","2026-10-05T20:23:18.547Z","23","Hit and Run/Car Accident"
"a7c0487e-1720-48e0-b13d-50923a4db083","2026-10-05T23:07:19.131Z","23","Larceny/Theft Offenses"
"d9739646-5f9d-4679-964f-2d925bbde602","2026-10-06T01:03:05.244Z","23","Financial Crime (Embezzlement/Fraud)"
"a53faae2-2427-4009-8d04-06f3a783fe53","2026-10-06T18:14:10.784Z","23","Stolen Property Offenses"
"a2ccc33f-dd96-4022-999a-15cc966e61b9","2026-10-06T19:17:06.355Z","5304","Stolen Property Offenses"
"83dd42de-edc9-45b8-b676-11afe21e70a0","2026-10-07T12:00:24.632Z","23","Motor Vehicle Theft/Stolen"
"97419f35-f9ac-422d-8bc0-b090bcc1923d","2026-10-07T14:52:49.342Z","5274","Stolen Property Offenses"
"fa31f2a2-cfdd-442d-a62e-67324d0017ed","2026-10-07T15:07:26.153Z","5274","Stolen Property Offenses"
"aa2a42c1-daf7-4fc0-9161-16c536ad4df8","2026-10-07T17:07:28.330Z","5257","Stolen Property Offenses"
"e14a0823-3d8b-4a5e-af6a-9aa3020b2c85","2026-10-08T05:40:03.598Z","5256","Obstructing the Police (Fleeing/Eluding)"
"9df9b0d6-2301-4f1d-91f4-7d98cf5c18cf","2026-10-08T05:56:27.629Z","23","Assault/Battery Offenses (Domestic)"
"99427654-a828-4601-b138-172766a9f07f","2026-10-08T05:58:46.034Z","23","Obstructing the Police (Fleeing/Eluding)"
"443e102a-8374-4591-9b34-00984b070907","2026-10-08T06:13:36.119Z","23","Obstructing the Police (Fleeing/Eluding)"
"bdd6784b-8b08-4509-9da9-25f25b7b45ed","2026-10-08T12:43:45.599Z","23","Financial Crime (Embezzlement/Fraud)"