"id","userId","searchDate","networkCount","offenseType"
"2e7df693-2e3b-4ed6-9e94-f30136bd8836","***","2026-09-09T15:33:42.126Z","1325","Motor Vehicle Theft/Stolen"
"adba2549-4115-4f03-9533-b87a48dad43a","***","2026-09-09T16:48:40.742Z","2","Assault/Battery Offenses"
"67dd7c72-b881-409e-85bc-5406905191c2","***","2026-09-09T17:53:33.182Z","2","Assault/Battery Offenses"
"80df94ae-8464-4cfa-8516-300aed965884","***","2026-09-10T04:07:24.439Z","239","Weapons Offense (Guns/Shots Fired)"
"6fbbe086-979b-47ea-a2c9-c8f647b48621","***","2026-09-10T04:09:06.781Z","1320","Wanted Person (Arrest Warrant/Fugitive)"
"dafa29a6-8428-4b8a-a04d-54a7ed3d5981","***","2026-09-10T05:11:06.788Z","1320","Wanted Person (Arrest Warrant/Fugitive)"
"28558323-cca6-4d55-a593-c5e9804bb3bd","***","2026-09-10T05:31:37.981Z","239","Weapons Offense (Guns/Shots Fired)"
"a0dc5361-2a39-478f-a16a-4b3914e49dde","***","2026-09-10T06:01:33.943Z","239","Weapons Offense (Guns/Shots Fired)"
"53252795-3907-4411-8f29-a158327e5c83","***","2026-09-10T06:04:57.419Z","1320","Wanted Person (Arrest Warrant/Fugitive)"
"8348c171-8d22-41e9-8ef2-01c689abd69d","***","2026-09-10T06:30:14.586Z","239","Obstructing the Police (Fleeing/Eluding)"
"e1b970e7-b97e-4718-905c-f156c0e6eb20","***","2026-09-10T10:12:55.897Z","1320","Drugs/Narcotics"
"0870c048-9d8c-457b-8088-a71102fbc7fa","***","2026-09-10T16:06:14.040Z","2","Drugs/Narcotics"
"f2947dc8-cecb-4ecc-9306-cf86a241b5cf","***","2026-09-10T17:27:35.526Z","2","Motor Vehicle Theft/Stolen"
"bf326a75-c1df-48da-b2bc-fdaee8a27c6e","***","2026-09-10T18:01:07.069Z","1317","Motor Vehicle Theft/Stolen"
"dbb5618d-bb62-475f-96b8-207f941132fa","***","2026-09-10T20:06:04.921Z","1316","Robbery"
"baed4c7f-b2c7-4a16-8f32-8f4b0302684c","***","2026-09-10T20:10:37.074Z","1316","Stolen Property Offenses"
"ecc7740b-2fad-43d8-866e-ebc55ab721d5","***","2026-09-10T21:02:23.803Z","1234","Robbery"
"37e12532-dee0-4fcc-b1d4-ea54658b112c","***","2026-09-10T21:05:58.694Z","2","Robbery"
"597b6512-55e2-4659-bd35-b25d1246d315","***","2026-09-10T21:49:14.103Z","1315","Obstructing the Police (Fleeing/Eluding)"
"15396d2e-483c-4fff-bd6f-e1bce292e9ef","***","2026-09-11T00:25:30.833Z","1315","Obstructing the Police (Fleeing/Eluding)"
"2748d512-20e8-4bf9-8d86-96057bb66ae0","***","2026-09-11T01:10:26.746Z","1316","Robbery"
"1b125d0d-2f1d-41e9-a348-6830e45f8e01","***","2026-09-11T05:26:39.365Z","1316","Robbery"
"73f6d683-82f7-4442-a852-581318947f02","***","2026-09-11T06:16:43.476Z","2","Wanted Person (Arrest Warrant/Fugitive)"
"d3cd506a-723a-4101-8f80-11adaeb07974","***","2026-09-11T06:40:38.414Z","1316","Wanted Person (Arrest Warrant/Fugitive)"
"acb9ab38-4ef8-445d-bd1b-041df9b65b9b","***","2026-09-11T14:35:13.968Z","1","Motor Vehicle Theft/Stolen"
"4536cfb1-6058-4fd7-8701-8490267bc3a6","***","2026-09-11T15:16:46.503Z","1","Motor Vehicle Theft/Stolen"
"3b06634f-64a4-4eff-8ba4-4810195fecf2","***","2026-09-11T16:26:17.267Z","1314","Financial Crime (Embezzlement/Fraud)"
"172c94c3-6266-4c61-be38-8280ef1a0631","***","2026-09-11T17:22:50.269Z","1314","Assault/Battery Offenses"
"ad7f9dc7-9ece-4c60-a2e9-31a2a25fd8e6","***","2026-09-11T17:32:04.577Z","1314","Assault/Battery Offenses"
"0deaca24-b2b2-4f11-b3d2-a3c11f1539c0","***","2026-09-11T17:43:15.088Z","238","Assault/Battery Offenses"
"a002181d-cf98-4522-b07a-9f0462e8e653","***","2026-09-11T17:55:07.869Z","1313","Motor Vehicle Theft/Stolen"
"5058d236-f419-43a0-964f-2132ecc075f5","***","2026-09-11T18:12:18.128Z","1312","Assault/Battery Offenses"
"d06abbee-b5ca-41dc-a405-500983b89ced","***","2026-09-11T18:13:00.817Z","238","Assault/Battery Offenses"
"4be4da05-2f84-46eb-a8f4-13a46ba0f01e","***","2026-09-12T01:15:00.214Z","1310","Hit and Run/Car Accident"
"aadff802-3bcb-4242-be57-c0aa281ec2af","***","2026-09-12T04:59:05.190Z","2","Assault/Battery Offenses (Domestic)"
"0960e4ac-eeb6-4dab-b743-389765336886","***","2026-09-12T09:02:07.326Z","2","Obstructing the Police (Fleeing/Eluding)"
"2dd3fddf-64a1-4daa-ad98-f177a8af5580","***","2026-09-12T15:20:35.223Z","238","Motor Vehicle Theft/Stolen"
"ac1cc217-7da7-49b7-bb72-344781d27073","***","2026-09-12T20:36:26.471Z","238","Wanted Person (Arrest Warrant/Fugitive)"
"ecdf1cec-4ece-4357-918f-a6c302f27c6d","***","2026-09-12T23:28:25.682Z","1310","Assault/Battery Offenses"
"dc631268-93a0-4179-84de-4991f7921475","***","2026-09-12T23:39:36.971Z","1311","Motor Vehicle Theft/Stolen"
"920b02fb-f3d2-4663-83fd-affa48185d13","***","2026-09-13T00:02:42.825Z","238","Motor Vehicle Theft/Stolen"
"5f10234b-ddd3-4035-9629-8287365d38a0","***","2026-09-13T00:05:46.583Z","1310","Assault/Battery Offenses"
"5eb31a65-e85c-4f9c-91e2-ead5e9dc9924","***","2026-09-13T03:39:52.096Z","1230","Weapons Offense (Guns/Shots Fired)"
"7becd8f8-84f9-4ddc-9a61-0e6b2cd4c21f","***","2026-09-13T03:41:26.202Z","1312","Weapons Offense (Guns/Shots Fired)"
"dc1afcc0-01d7-4185-89be-5735d7bf763c","***","2026-09-13T04:08:49.632Z","2","Weapons Offense (Guns/Shots Fired)"
"58a29892-57fc-49c0-addc-cee501470140","***","2026-09-13T04:15:22.439Z","2","Weapons Offense (Guns/Shots Fired)"
"f970b693-50fa-4a3a-ba8f-f818cc52a78f","***","2026-09-13T04:55:10.141Z","2","Weapons Offense (Guns/Shots Fired)"
"b0cf50a7-861e-44c8-9d7f-8cc4f6de3b2d","***","2026-09-13T05:01:29.727Z","1312","Weapons Offense (Guns/Shots Fired)"
"8f29fb5a-9808-4669-a615-0da4a10e176a","***","2026-09-13T05:10:04.836Z","1312","Weapons Offense (Guns/Shots Fired)"
"669576c1-19b6-495d-a37d-240b5301621f","***","2026-09-13T05:12:40.880Z","2","Weapons Offense (Guns/Shots Fired)"
"8d273131-e122-4663-96fa-3a358310df46","***","2026-09-13T05:25:39.200Z","1312","Homicide/Death Investigation"
"c2d624ff-4303-41f1-b69e-7ad0841c4976","***","2026-09-13T06:05:53.074Z","2","Homicide/Death Investigation"
"0cb5c6c9-3b39-4482-b9c6-465cd973c462","***","2026-09-13T06:05:59.614Z","1312","Homicide/Death Investigation"
"96a7d86a-6b77-4f31-a161-cf399fb704ce","***","2026-09-13T08:33:06.471Z","2","Homicide/Death Investigation"
"49182d1a-1092-4cc8-bcf0-6535dce75f99","***","2026-09-13T09:06:06.043Z","2","Weapons Offense (Guns/Shots Fired)"
"697606b5-31f8-4b65-9056-f8e286c8120d","***","2026-09-13T09:23:18.147Z","2","Homicide/Death Investigation"
"5a8b5c5e-7695-4e83-93ca-116b2c219f3f","***","2026-09-13T09:49:44.972Z","1310","Assault/Battery Offenses"
"3db980c0-86b6-4d4c-b8f9-14b6cada2454","***","2026-09-13T11:36:48.707Z","2","Assault/Battery Offenses"
"ab5d94fa-5226-4018-a977-7d676bfd23de","***","2026-09-13T15:43:35.787Z","2","Weapons Offense (Guns/Shots Fired)"
"4d8e4949-1235-466f-a154-8a7966b5d38d","***","2026-09-13T15:46:28.180Z","2","Weapons Offense (Guns/Shots Fired)"
"7eefa314-41b3-4f25-bf85-aa838e94c4d8","***","2026-09-13T15:48:15.154Z","1310","Assault/Battery Offenses"
"2e0a9365-c700-4ba0-9c74-df3acbbc6611","***","2026-09-13T16:03:45.632Z","1310","Assault/Battery Offenses"
"4b682b41-ed18-447e-81fd-55c52f268e0f","***","2026-09-13T16:24:46.449Z","2","Homicide/Death Investigation"
"5501c13d-2149-4b01-a08d-47d4e4ed86cc","***","2026-09-13T23:10:05.047Z","1228","Hit and Run/Car Accident"
"fc03606e-dc11-4156-8123-1ba8f1921bf4","***","2026-09-14T11:51:19.750Z","2","Motor Vehicle Theft/Stolen"
"afc35150-7082-40e1-a3df-8f1747b8ad64","***","2026-09-14T13:26:51.139Z","1312","Homicide/Death Investigation"
"a8f650d7-e5f8-4263-87df-3b629c9e2313","***","2026-09-14T14:43:16.022Z","2","Disorderly Conduct/Disturbance"
"9c599a96-1d33-4e71-b1cb-be70faf72166","***","2026-09-14T15:52:40.464Z","1309","Homicide/Death Investigation"
"740c8fe2-f34a-445b-a98f-d34124ff9d21","***","2026-09-14T16:01:13.864Z","238","Homicide/Death Investigation"
"26eb29f8-8cff-41b6-a644-3c02a629c38d","***","2026-09-14T19:21:23.511Z","4","Homicide/Death Investigation"
"4c18fd5d-7609-49f0-a11f-ba3beeadf6fb","***","2026-09-14T19:52:29.652Z","2","Larceny/Theft Offenses"
"d0a389d4-9148-40dc-9622-3f9a647d5b64","***","2026-09-14T20:58:46.859Z","1302","Assault/Battery Offenses"
"f5e7c0d1-8ab9-43cc-8028-11f56ea11f2f","***","2026-09-14T21:24:38.872Z","1302","Assault/Battery Offenses"
"5b95edc5-4914-4e7b-a577-16430fbc5cfa","***","2026-09-14T23:30:35.412Z","1304","Drugs/Narcotics"
"753c7f48-29da-4336-8b8f-8da87e6f04fb","***","2026-09-14T23:54:21.337Z","1302","Assault/Battery Offenses"
"bc103445-9a61-48d4-bd07-8a104ed5d609","***","2026-09-15T00:18:48.485Z","238","Motor Vehicle Theft/Stolen"
"ce99fc6f-85c4-4ea9-b70e-6f8f217ccdbb","***","2026-09-15T01:24:35.571Z","1223","Motor Vehicle Theft/Stolen"
"db3890d2-254f-4c75-9b9b-dc123446fd79","***","2026-09-15T02:43:24.898Z","1303","Stolen Property Offenses"
"fd40b0fc-b758-431f-a539-f4806b4be60b","***","2026-09-15T05:30:23.425Z","1304","Drugs/Narcotics"
"0d3c652a-fb62-4833-878d-67b1408d958e","***","2026-09-15T05:43:35.507Z","1302","Obstructing the Police (Fleeing/Eluding)"
"fe1c482c-674f-46cc-b56e-e79ec064938b","***","2026-09-15T06:05:21.033Z","2","Criminal Motor Vehicle Offense (incl. Road Rage/Reckless)"
"b6a7e459-90d5-4359-9840-6404cc70af3b","***","2026-09-15T06:44:07.723Z","1291","Traffic Infraction"
"ae9fd58e-b641-444d-9a6a-af705bc681a8","***","2026-09-15T07:12:59.717Z","238","Obstructing the Police (Fleeing/Eluding)"
"a521cd3f-e3ed-47d4-8db0-7a5927c8170d","***","2026-09-15T07:48:58.871Z","2","Obstructing the Police (Fleeing/Eluding)"
"f7139d3d-e3ec-4d95-b1e1-456e0787a235","***","2026-09-15T08:18:29.747Z","1220","Obstructing the Police (Fleeing/Eluding)"
"3890fdd6-fa91-409e-bf3b-f5dad99c866d","***","2026-09-15T08:31:06.010Z","1","Obstructing the Police (Fleeing/Eluding)"
"d29bb1b9-a756-4ebe-bbe6-d6d35b6e938c","***","2026-09-15T08:33:49.992Z","238","Obstructing the Police (Fleeing/Eluding)"
"0df6d8af-7842-4dce-9906-821dce8e2b86","***","2026-09-15T09:13:27.598Z","238","Obstructing the Police (Fleeing/Eluding)"
"beaa5152-5eb2-4e5d-a14f-729936c3b2e4","***","2026-09-15T09:20:28.365Z","2","Obstructing the Police (Fleeing/Eluding)"
"67a4d1d1-5814-4266-8dc3-eb1d4034ac89","***","2026-09-15T10:03:16.181Z","1220","Obstructing the Police (Fleeing/Eluding)"
"01bb3cc2-01eb-427f-b193-20e97eb6615b","***","2026-09-15T13:57:19.659Z","1300","Obstructing the Police (Fleeing/Eluding)"
"2369120f-c2ab-4ad9-b4ca-dfb0cbefd5a8","***","2026-09-15T16:43:40.110Z","2","Homicide/Death Investigation"
"a1a610ca-5214-4e1f-bfc0-b466f35f5d9f","***","2026-09-15T17:04:55.655Z","2","Homicide/Death Investigation"
"d7160d5d-b959-4bdd-b467-3a9bf7b7d70a","***","2026-09-15T18:32:08.237Z","1303","Homicide/Death Investigation"
"a8e7b7fb-65e3-45ee-a8ce-32ed9718f375","***","2026-09-15T19:25:05.259Z","1217","Obstructing the Police (Fleeing/Eluding)"
"36354fa2-343b-47f9-a16a-b8d1927f1cfe","***","2026-09-15T20:36:38.203Z","1300","Stolen Property Offenses"
"2e9e76a5-3cfa-4da3-beae-9357956173e3","***","2026-09-15T20:44:00.996Z","1302","Wanted Person (Arrest Warrant/Fugitive)"
"a8f44e6b-09d3-41ce-bdde-06d4a887d4a4","***","2026-09-15T21:24:10.599Z","2","Drugs/Narcotics"
"e881c4e5-42ec-4ab2-9a81-06d36d0238d1","***","2026-09-15T23:06:23.867Z","238","Obstructing the Police (Fleeing/Eluding)"
"2c4dc104-12cc-481a-9370-6ab1689817ea","***","2026-09-15T23:44:00.728Z","238","Drugs/Narcotics"
"c949300a-dbe7-4053-a3f1-b91563ab60d7","***","2026-09-16T00:08:34.816Z","1301","Motor Vehicle Theft/Stolen"
"c2c99dce-918d-41c6-ab61-837a2e657063","***","2026-09-16T01:08:56.572Z","1301","Motor Vehicle Theft/Stolen"
"3dab1116-e87c-41e3-a5d8-ad7c9a3178d8","***","2026-09-16T03:30:45.559Z","1301","Motor Vehicle Theft/Stolen"
"3fbb968b-19bf-4c00-81da-969d3ff535b6","***","2026-09-16T03:58:07.383Z","2","Drugs/Narcotics"
"81c79ace-4acb-4caa-84f9-bf24c6fc7ff3","***","2026-09-16T04:04:16.331Z","2","Drugs/Narcotics"
"0e289054-18d6-4731-bbeb-c87c0cc0b38e","***","2026-09-16T04:23:20.697Z","238","Obstructing the Police (Fleeing/Eluding)"
"5db55068-4b14-44c0-ad93-266edd7b0a1a","***","2026-09-16T05:19:26.585Z","3","Obstructing the Police (Fleeing/Eluding)"
"39c4d012-e023-40a1-92be-ae3980320f72","***","2026-09-16T06:13:37.241Z","1301","Wanted Person (Arrest Warrant/Fugitive)"
"e0a7615b-ce1d-4f0e-8fb7-b1a50397d9f6","***","2026-09-16T07:07:25.396Z","1","Robbery"
"23373ff6-9356-4746-a91f-d340f4cf5975","***","2026-09-16T07:07:47.924Z","2","Robbery"
"4620fc37-ff8c-4fa5-86c2-d9a30282d9e3","***","2026-09-16T07:08:52.276Z","4","Wanted Person (Arrest Warrant/Fugitive)"
"c1112799-b11f-4952-94d0-f3da799a8864","***","2026-09-16T07:17:38.521Z","2","Robbery"
"d8afe1cc-572e-44fa-b28a-ad4a2b2281a0","***","2026-09-16T07:18:23.528Z","2","Wanted Person (Arrest Warrant/Fugitive)"
"1e5e8a40-2ff9-4126-bc52-c0c952fc1202","***","2026-09-16T07:25:38.105Z","2","Weapons Offense (Guns/Shots Fired)"
"14849ace-3a9b-4e30-b56f-09de100bb2cd","***","2026-09-16T07:27:38.445Z","2","Robbery"
"fd4e8c80-5d46-4fb6-b52c-befd4497a071","***","2026-09-16T08:11:23.333Z","2","Wanted Person (Arrest Warrant/Fugitive)"
"62be3508-4db3-430a-a170-b529dee63b4f","***","2026-09-16T08:16:57.131Z","1","Robbery"
"0fb4aae7-6afd-428e-9561-17315d3ec808","***","2026-09-16T08:47:08.305Z","1","Weapons Offense (Guns/Shots Fired), Robbery"
"d2199986-7c8b-4c51-920e-a643645ec344","***","2026-09-16T08:57:47.582Z","1302","Weapons Offense (Guns/Shots Fired)"
"b2e71f6d-5720-4ae0-965d-8465a18202c2","***","2026-09-16T09:00:22.713Z","1","Robbery"
"f81f58de-8667-4734-b6d3-34b238b29a7d","***","2026-09-16T09:05:23.569Z","1302","Weapons Offense (Guns/Shots Fired)"
"2ac57e97-d8de-4f58-9f71-a543c57938e8","***","2026-09-16T09:08:44.549Z","1301","Wanted Person (Arrest Warrant/Fugitive)"
"f04fcf1a-db65-4112-ab5f-20face048280","***","2026-09-16T09:10:19.768Z","1","Robbery"
"65101a87-daa7-4310-80ce-aec68bc969ed","***","2026-09-16T09:35:53.363Z","1302","Robbery"
"f363399b-1a37-4773-a7da-0187da44ef0f","***","2026-09-16T09:42:23.867Z","1302","Robbery"
"1d64be4a-bf10-474f-912b-2df36d2f1b12","***","2026-09-16T10:05:56.588Z","1","Robbery"
"fbe80b8e-6039-4be0-acc0-0337da13a860","***","2026-09-16T12:01:14.710Z","1302","Robbery"
"f30b28e3-1c2c-4ffa-a2da-c183a51ce3cc","***","2026-09-16T13:17:45.799Z","1","Robbery"
"7f89a646-7927-4d2a-a101-94bfe5472b8f","***","2026-09-16T13:45:53.359Z","1","Robbery"
"599ab5e6-e381-4a21-ba2b-f42a3d182351","***","2026-09-16T14:10:30.676Z","1302","Robbery"
"f045f4a1-81dd-46c6-bd4c-095e49f375f7","***","2026-09-16T14:39:39.281Z","2","Robbery"
"76f3cbd9-36da-4f29-a598-3eddba587bd6","***","2026-09-16T15:00:04.504Z","1300","Robbery"
"6a126860-0481-4321-8e97-599fa3a49735","***","2026-09-16T15:02:01.502Z","2","Robbery"
"ca71e1dc-c849-4444-baad-24768bca58c0","***","2026-09-16T16:43:40.153Z","34","Robbery"
"84829acb-bfa0-4db8-b286-04c06d7e95ad","***","2026-09-16T17:00:11.095Z","1","Robbery"
"6c3a2936-f9eb-43c6-b498-53c5f93896d1","***","2026-09-16T17:10:22.900Z","1299","Robbery"
"00f877b8-4aaa-4456-8ccc-db115d0a7cb6","***","2026-09-16T18:22:54.998Z","1299","Robbery"
"89c1b8b0-b34e-4847-9198-6116cf5736f5","***","2026-09-16T18:23:46.701Z","2","Robbery"
"177b2492-8e47-4a62-a690-3b2560daae5b","***","2026-09-16T19:06:58.183Z","1298","Robbery"
"4c0cacd9-dda4-4594-af86-0370c9e4ac9a","***","2026-09-17T14:36:02.677Z","1296","Robbery"
"8b9095b5-2308-4732-b36b-055da0449888","***","2026-09-17T14:36:54.656Z","1296","Robbery"
"c10cada2-4aaa-4c70-a7f1-68f321960de9","***","2026-09-17T16:13:02.924Z","1296","Robbery"
"2f0801fd-d0cb-4b25-a92b-9fe10e892ea3","***","2026-09-17T16:39:30.532Z","1214","Missing/Endangered Person/Runaway"
"b5e9f26f-6881-4bfa-9d10-ccb8edde8f5f","***","2026-09-17T17:31:15.048Z","2","Robbery"
"c7f4239e-22a4-4d50-86bc-59ddd46e6347","***","2026-09-17T19:14:43.920Z","1295","Robbery"
"3759e517-c1e1-4376-9335-ed88e91d808a","***","2026-09-17T19:39:26.756Z","2","Robbery"
"02aca6b1-9507-4fb1-a31b-028d04416724","***","2026-09-17T20:00:47.116Z","1","Robbery"
"046cf839-b597-4254-b42b-40c6813e68df","***","2026-09-17T21:03:34.585Z","2","Robbery"
"d05bef5f-e28f-42a9-9b6c-4ee576a5950b","***","2026-09-17T22:01:20.729Z","238","Drugs/Narcotics"
"7615c848-b5d1-46cc-965b-6083a796e101","***","2026-09-18T08:42:01.448Z","1293","Robbery"
"b4cc7d96-1c45-4700-aa55-e1e9f8e0e07d","***","2026-09-18T08:44:02.996Z","1211","Robbery"
"186a1a92-3783-4b34-9e00-0cdf9fcb11f0","***","2026-09-18T09:03:51.821Z","1293","Robbery"
"78a321b3-e899-4233-b0e8-be12a7ba6274","***","2026-09-18T09:13:51.408Z","1211","Robbery"
"6b6489d0-c19a-4f0a-98ce-102b2074b1b4","***","2026-09-18T13:03:19.124Z","1290","Motor Vehicle Theft/Stolen"
"3d1beff2-77ae-4a72-83b8-0a5539661c7c","***","2026-09-18T13:16:48.278Z","1291","Robbery"
"9e0740ce-5194-42bc-b9e7-e215b668ca76","***","2026-09-18T17:16:05.754Z","2","Robbery"
"2a7f4785-f430-4a44-927b-0ef4e8f785ab","***","2026-09-18T17:31:37.294Z","1282","Hit and Run/Car Accident"
"44ffc021-581f-4725-8f71-7818db4dc501","***","2026-09-18T18:14:05.557Z","2","Robbery"
"2719fb6a-92ee-4591-892d-53b7783a41d0","***","2026-09-19T00:23:51.884Z","1284","Motor Vehicle Theft/Stolen"
"5431cb93-3b11-4945-a033-a14f58cd7419","***","2026-09-19T02:22:34.528Z","1284","Motor Vehicle Theft/Stolen"
"4c449075-2352-4944-8a47-1ad064fe2207","***","2026-09-19T03:04:55.055Z","1284","Motor Vehicle Theft/Stolen"
"afc59e65-fa90-4141-ba82-b9a88a279f2f","***","2026-09-19T06:34:43.142Z","1284","Motor Vehicle Theft/Stolen"
"7765dd08-1ca8-4c46-bbfd-2f4ff59563c7","***","2026-09-19T06:47:21.452Z","2","Motor Vehicle Theft/Stolen"
"6ed93033-1631-477c-a19d-563644eb61c1","***","2026-09-19T07:06:42.194Z","2","Motor Vehicle Theft/Stolen"
"af84deb7-b62c-413c-a2b8-5f63195e5007","***","2026-09-19T16:17:55.370Z","2","Stolen Property Offenses"
"44fb39db-b357-41ba-abd3-242918688bfb","***","2026-09-19T19:51:13.336Z","1284","Motor Vehicle Theft/Stolen"
"f90032b6-399a-4977-9e34-0e79e4a542b0","***","2026-09-19T20:11:19.938Z","1284","Motor Vehicle Theft/Stolen"
"e314c2fa-2738-462e-8eff-8345df315c5f","***","2026-09-19T21:17:31.531Z","330","Drugs/Narcotics"
"26c31c21-a8be-4bf7-a658-df516432611c","***","2026-09-19T21:35:38.684Z","1284","Motor Vehicle Theft/Stolen"
"30a948a2-49af-4326-885e-cb35d7264a5d","***","2026-09-19T23:54:20.358Z","1281","Hit and Run/Car Accident"
"2a7485b8-a8ec-4c9e-a7a7-c346f2657a9e","***","2026-09-20T00:14:33.025Z","1281","Hit and Run/Car Accident"
"9ead6474-24b5-4d16-aa67-ccd99a2d27df","***","2026-09-20T00:56:00.698Z","1202","Motor Vehicle Theft/Stolen"
"0c808383-4073-4f00-8ac0-c55cd15071ae","***","2026-09-20T04:05:49.552Z","2","Assault/Battery Offenses"
"3238a01e-6ef3-407c-ab66-4f177a06b009","***","2026-09-20T04:06:13.974Z","1284","Wanted Person (Arrest Warrant/Fugitive)"
"b98ecd7c-6ebb-4c5c-9686-f5206ada7f43","***","2026-09-20T04:06:15.827Z","1284","Wanted Person (Arrest Warrant/Fugitive)"
"7cc49dbe-eab5-4546-8a76-de10ddf6a765","***","2026-09-20T04:17:02.646Z","1284","Motor Vehicle Theft/Stolen"
"4532ba72-131c-4ef1-a07f-a6b5c73b252e","***","2026-09-20T06:28:25.567Z","2","Motor Vehicle Theft/Stolen"
"83359bf4-6a5f-4198-8d05-26da4aedbc59","***","2026-09-20T06:29:14.887Z","2","Motor Vehicle Theft/Stolen"
"d8e66dfe-d08d-48d8-b685-4b5cffaeb7dd","***","2026-09-20T23:16:09.191Z","2","Wanted Person (Arrest Warrant/Fugitive)"
"0abcfc69-9547-4cb3-948d-9ec10096abc5","***","2026-09-21T04:30:51.338Z","3","Obstructing the Police (Fleeing/Eluding)"
"feb8fb1b-ae81-4142-a05f-4d84e1b78e5d","***","2026-09-21T04:43:28.964Z","1197","Obstructing the Police (Fleeing/Eluding)"
"66cd0abb-b076-47c8-9538-7aa0e341c2dd","***","2026-09-21T05:05:46.505Z","1282","Motor Vehicle Theft/Stolen"
"1494a57b-27f6-4f91-9cce-e1f01bad6f97","***","2026-09-21T05:05:52.234Z","1282","Wanted Person (Arrest Warrant/Fugitive)"
"ea53d2a6-bbf4-4f51-8d99-5ebf69ccbb2b","***","2026-09-21T05:06:57.267Z","1282","Wanted Person (Arrest Warrant/Fugitive)"
"9159f910-c3fa-4e4a-bccc-08fa3a5e25ce","***","2026-09-21T05:07:41.462Z","238","Motor Vehicle Theft/Stolen"
"e74818db-8b31-45c6-916a-5ad040bc72ca","***","2026-09-21T06:08:09.727Z","1282","Motor Vehicle Theft/Stolen"
"1a691417-4ea0-43fd-83c6-9eee3dc38c94","***","2026-09-21T06:25:36.835Z","2","Wanted Person (Arrest Warrant/Fugitive)"
"4dd454e8-f306-4030-8138-42301299be71","***","2026-09-21T06:33:26.036Z","2","Drugs/Narcotics"
"78e28f02-9dfd-4370-84a9-c9d00c2bf991","***","2026-09-21T06:43:35.364Z","4","Drugs/Narcotics"
"aa1e7faf-39cc-4c99-8239-a292c76f9fe3","***","2026-09-21T13:02:19.032Z","1281","Motor Vehicle Theft/Stolen"
"f473edea-7b7e-4eaa-b259-9a2081b1fc30","***","2026-09-21T13:58:51.342Z","2","Weapons Offense (Guns/Shots Fired)"
"62593a80-4879-476b-a528-94f9ba2e336d","***","2026-09-21T17:14:43.280Z","1281","Robbery"
"30325594-2f77-4ef4-93e6-ad16f3c38eb2","***","2026-09-21T18:58:33.531Z","1281","Robbery"
"4940ce42-f969-49ce-8499-3e9f245ef203","***","2026-09-21T19:03:28.030Z","1281","Robbery"
"2f483ddd-935d-4c4d-bec0-71786a3adef6","***","2026-09-22T09:34:14.775Z","2","Robbery"
"c671ede4-907c-45d3-bc60-c021e8d5cf7b","***","2026-09-22T10:11:46.793Z","2","Robbery"
"4a4fc934-d988-498d-8f41-c0f381245414","***","2026-09-22T12:01:45.022Z","1276","Obstructing the Police (Fleeing/Eluding)"
"b4ac1e60-7d84-4688-9ce3-f8fae07e9709","***","2026-09-22T12:07:14.884Z","2","Obstructing the Police (Fleeing/Eluding)"
"3cdece4a-f5ce-498e-8571-922f8b2079f0","***","2026-09-22T15:45:49.157Z","1275","Larceny/Theft Offenses"
"f8560cba-3e88-4259-b3b2-4f8838951a40","***","2026-09-22T16:00:22.393Z","3","Larceny/Theft Offenses"
"66ee5656-1b60-4619-989b-d26de729f430","***","2026-09-22T19:07:33.708Z","2","Larceny/Theft Offenses"
"b737c20a-37cc-4927-a27e-889ef15cc576","***","2026-09-23T02:49:22.698Z","1274","Assault/Battery Offenses (Domestic)"
"85c93877-9f92-4f50-bf08-79f37046f55b","***","2026-09-23T02:52:53.227Z","1274","Assault/Battery Offenses (Domestic)"
"ae6e8aef-90c4-4bd3-8d27-3a7e62c79d4a","***","2026-09-23T03:09:06.651Z","1274","Assault/Battery Offenses (Domestic)"
"64a4e6bf-88d2-4fe8-8966-e2ad5dac26ab","***","2026-09-23T03:18:56.969Z","1274","Assault/Battery Offenses (Domestic)"
"9a9c29eb-84d6-4fea-8976-05031bb2e950","***","2026-09-23T03:22:29.397Z","1274","Assault/Battery Offenses (Domestic)"
"3c3d91ba-ec69-46ab-a03a-0c0c537741f3","***","2026-09-23T03:51:57.452Z","1274","Assault/Battery Offenses (Domestic)"
"8c4292a1-12f0-4cc1-8fd7-7c21c74bb8f7","***","2026-09-23T04:23:48.368Z","1274","Assault/Battery Offenses (Domestic)"
"7a6d8ee8-ab91-4110-987f-fde1260d89bb","***","2026-09-23T05:04:01.659Z","1274","Assault/Battery Offenses (Domestic)"
"a7a21901-4b0c-4be1-ae11-1316d77931c3","***","2026-09-23T08:13:40.059Z","1274","Assault/Battery Offenses (Domestic)"
"9c5ee713-c5eb-4675-afeb-be4a68379d3c","***","2026-09-23T09:36:46.772Z","2","Robbery"
"e572e326-4be1-4d9a-838e-5c4ff3fb7060","***","2026-09-23T10:08:16.212Z","1277","Robbery"
"5021a785-7ad1-4fe6-ac6b-9e99d3134c64","***","2026-09-23T13:02:26.800Z","1277","Robbery"
"1276dadb-6504-4e46-9216-a110ff973fab","***","2026-09-23T14:53:31.679Z","238","Robbery"
"275eb7d5-75bd-4de7-b266-884168e79de6","***","2026-09-23T15:22:04.119Z","2","Robbery"
"b7fdf819-9f31-44e1-9b2c-c6e3b29cab06","***","2026-09-23T16:58:00.969Z","1273","Human Trafficking"
"92312739-3f23-4328-8903-afb82bd244b7","***","2026-09-23T19:42:37.718Z","1","Weapons Offense (Guns/Shots Fired)"
"901fb829-e714-497a-854c-779d709e9eed","***","2026-09-24T00:29:22.244Z","1271","Drugs/Narcotics"
"714aa2c4-aa6f-46aa-acc1-69955ceb199d","***","2026-09-24T01:53:09.805Z","1271","Drugs/Narcotics"
"c8d88a24-7618-41ac-a355-98bca9a0f9bc","***","2026-09-24T03:39:41.802Z","1272","Assault/Battery Offenses (Domestic)"
"95ed4db5-a989-475a-9e0a-70b5588528c5","***","2026-09-24T07:29:17.154Z","1271","Hit and Run/Car Accident"
"90411658-ebe6-493d-b88e-ba823fb8e321","***","2026-09-24T07:31:33.649Z","2","Destruction/Damage/Vandalism of Property"
"846f88a5-662b-473b-ad24-83917c126d6a","***","2026-09-24T08:14:15.117Z","238","Stolen Property Offenses"
"eba8ae79-a427-478a-9651-c6f3bb25d476","***","2026-09-24T18:30:44.078Z","1274","Robbery"
"175b52cd-14a9-4f37-9cac-828e731cd2db","***","2026-09-24T19:33:57.917Z","1274","Robbery"
"379147a5-7192-4713-9166-99c405599517","***","2026-09-24T20:12:50.149Z","1274","Robbery"
"e641cb59-1b51-4bb3-a552-c23b05ced5fb","***","2026-09-25T00:35:12.455Z","1273","Robbery"
"07c955e4-5fb0-4043-b246-2c3d5fd919fa","***","2026-09-25T01:09:39.966Z","1273","Robbery"
"d8572a6f-221b-42a3-a0cc-123bd8945940","***","2026-09-25T02:53:53.356Z","1272","Wanted Person (Arrest Warrant/Fugitive)"
"2eeb5319-44b7-4acc-a275-d7da5bdad7a5","***","2026-09-25T03:23:51.995Z","1185","Destruction/Damage/Vandalism of Property"
"73609bbf-4823-49fc-8156-97d8f21afd6c","***","2026-09-25T03:33:32.540Z","1273","Robbery"
"2689adf1-576c-4951-8348-f039e5147a98","***","2026-09-25T03:53:04.058Z","1272","Wanted Person (Arrest Warrant/Fugitive)"
"acb792eb-da38-4c3b-97c8-26898efd5377","***","2026-09-25T04:18:25.744Z","2","Traffic Infraction"
"ceb5ee98-03bc-427f-832f-3bb1aafeb746","***","2026-09-25T04:33:04.161Z","3","Missing/Endangered Person/Runaway"
"393d9b8f-989f-404b-816e-6e0a8d06b645","***","2026-09-25T04:49:02.312Z","2","Wanted Person (Arrest Warrant/Fugitive)"
"9d88b143-d563-4c20-8a13-a0b37966814d","***","2026-09-25T05:00:39.203Z","1272","Wanted Person (Arrest Warrant/Fugitive)"
"1050abba-b619-4d3b-a7d8-1f2c9cb7d882","***","2026-09-25T05:10:27.900Z","3","Missing/Endangered Person/Runaway"
"b10e9c1a-7f25-4c1e-af3d-a3804816b05f","***","2026-09-25T05:16:34.268Z","1267","Obstructing the Police (Fleeing/Eluding)"
"8a0dcd6d-2ada-4c05-a19e-ae049f722a8d","***","2026-09-25T05:22:24.865Z","1272","Wanted Person (Arrest Warrant/Fugitive)"
"c7aa0b38-e10e-454e-a9a1-1ecbd3c51c08","***","2026-09-25T05:36:01.549Z","1267","Obstructing the Police (Fleeing/Eluding)"
"a6afeeba-ede6-4471-8362-9a5b6636a573","***","2026-09-25T06:00:30.109Z","2","Missing/Endangered Person/Runaway"
"a9dec86c-7d67-48c3-9c54-d08530424ec7","***","2026-09-25T06:16:02.153Z","1272","Wanted Person (Arrest Warrant/Fugitive)"
"ebc38c83-4218-4050-ba01-fb8676be91be","***","2026-09-25T06:35:25.371Z","1272","Wanted Person (Arrest Warrant/Fugitive)"
"227cbc1b-6438-45fa-a150-7759c799b8dd","***","2026-09-25T07:29:08.687Z","1272","Wanted Person (Arrest Warrant/Fugitive)"
"f458109d-3781-4236-8c10-b0ee24eac704","***","2026-09-25T08:07:14.606Z","2","Missing/Endangered Person/Runaway"
"d023cc01-7023-4d72-a907-29f70eebb617","***","2026-09-25T08:18:20.708Z","2","Wanted Person (Arrest Warrant/Fugitive)"
"98eb61cc-e86a-495e-b67f-bcd743ea15f0","***","2026-09-25T16:11:08.722Z","1266","Larceny/Theft Offenses"
"24f8b52b-c2bf-4cc3-9a81-1711ee9d9a8c","***","2026-09-25T18:00:37.841Z","2","Robbery"
"37ba539a-81b5-46e3-8b2e-9d0f1bb238b4","***","2026-09-25T19:06:55.764Z","1271","Robbery"
"0054603e-4bd0-412b-817a-b9caad427647","***","2026-09-25T23:13:18.795Z","237","Obstructing the Police (Fleeing/Eluding)"
"b2d3a47e-433c-4339-8569-3e5d52ab03f3","***","2026-09-25T23:59:10.979Z","1270","Wanted Person (Arrest Warrant/Fugitive)"
"6d480ddb-23d6-4c2e-a370-91fd0d8c0da1","***","2026-09-26T00:08:52.619Z","1271","Missing/Endangered Person/Runaway"
"36e22bd0-f544-4c97-87e9-bb9600ebec0f","***","2026-09-26T00:20:21.963Z","1267","Hit and Run/Car Accident"
"2ee33336-84d6-4d59-9dbf-b61dda3b7a25","***","2026-09-26T06:33:00.139Z","2","Burglary/Breaking & Entering"
"e4f30a99-32e1-4b14-8f63-289272d6693b","***","2026-09-26T07:01:30.408Z","2","Burglary/Breaking & Entering"
"4ac41459-c1b7-496a-b2c1-8b8855557a00","***","2026-09-26T16:00:36.219Z","2","Assault/Battery Offenses"
"62ed3d13-6bd4-4bc2-968e-86a8d4e05970","***","2026-09-27T21:43:25.296Z","1266","Assault/Battery Offenses (Domestic)"
"b7449e7b-f2dd-4094-8da4-ab83eb40a61d","***","2026-09-27T21:47:50.308Z","1266","Assault/Battery Offenses"
"bc5fd896-553c-413a-8a8c-5c75847ee1d0","***","2026-09-27T22:33:07.690Z","1266","Assault/Battery Offenses"
"f1be28e8-caf9-4010-8a21-3b8891205299","***","2026-09-28T04:29:24.929Z","1266","Assault/Battery Offenses (Domestic)"
"877c96c8-b6ba-4ecb-9522-12156b62dc62","***","2026-09-28T09:25:55.859Z","1266","Assault/Battery Offenses (Domestic)"
"2e94dff8-d977-4971-a154-cd38e385e251","***","2026-09-28T20:24:06.938Z","1269","Wanted Person (Arrest Warrant/Fugitive)"
"e8c5c5bc-8754-40de-863c-4769dd56721b","***","2026-09-28T23:51:38.215Z","1270","Missing/Endangered Person/Runaway"
"c5c612e0-19ac-45d1-af16-63a12e34f577","***","2026-09-29T02:43:11.307Z","1265","Assault/Battery Offenses (Domestic)"
"26f177ab-3a40-4295-acce-16c1654581ae","***","2026-09-29T03:25:23.576Z","1266","Drugs/Narcotics"
"7324c938-8dda-41af-9c1c-c86ab2e4f7c8","***","2026-09-29T08:58:48.961Z","237","Stolen Property Offenses"
"04912e04-4a06-4252-980b-5a7253d0165d","***","2026-09-29T15:22:22.035Z","1228","Traffic Infraction"
"139c2f56-d266-4d7d-9681-561f63a5f984","***","2026-09-29T16:54:01.176Z","1265","Drugs/Narcotics"
"5da2b0d9-7582-43ad-a2f8-10a570654a28","***","2026-09-29T17:25:49.389Z","1265","Drugs/Narcotics"
"c531a306-7201-4d33-9679-24416d63e885","***","2026-09-29T19:29:53.302Z","1267","Wanted Person (Arrest Warrant/Fugitive)"
"468e23d9-33d1-477e-9e65-4081b616c6d6","***","2026-09-29T20:38:58.201Z","1","Hit and Run/Car Accident"
"6f67c940-27cc-4553-9e71-631bc75bc087","***","2026-09-29T20:59:26.808Z","1264","Drugs/Narcotics"
"5586afb8-9784-49b9-ad75-92204c8c2938","***","2026-09-30T01:45:27.405Z","1265","Wanted Person (Arrest Warrant/Fugitive)"
"db0ad97d-be5e-46a8-a404-ebfda072c248","***","2026-09-30T04:31:25.798Z","1260","Assault/Battery Offenses"
"baf49a54-eeb1-4932-bf4e-b3deb14db410","***","2026-09-30T04:32:18.381Z","1265","Wanted Person (Arrest Warrant/Fugitive)"
"d37ff394-6973-4073-9bdc-ee59ff1cc2d0","***","2026-09-30T04:42:48.591Z","1260","Assault/Battery Offenses"
"ca8e19b1-1a6f-482d-90f6-8ca30f5f5ef1","***","2026-09-30T04:59:18.908Z","1260","Assault/Battery Offenses"
"6b556031-d928-422f-8d8e-61b4ed3379ff","***","2026-09-30T05:01:00.624Z","1260","Assault/Battery Offenses"
"c5ef064a-18ea-4670-988f-cd3cf74c7f9c","***","2026-09-30T07:00:13.331Z","1260","Assault/Battery Offenses"
"9eaa1fb6-1f19-49bb-9c8e-73aa920c5738","***","2026-09-30T07:06:31.154Z","1265","Wanted Person (Arrest Warrant/Fugitive)"
"2077cdd6-2618-4745-b8b5-d0a2319daf98","***","2026-09-30T09:23:06.680Z","2","Wanted Person (Arrest Warrant/Fugitive)"
"197f5ee3-7dbc-4b11-b863-7d54a5ff5c9d","***","2026-09-30T09:28:42.745Z","3","Assault/Battery Offenses (Domestic)"
"46a58e22-b485-4195-be8f-78d7a139384a","***","2026-09-30T09:53:51.834Z","1260","Assault/Battery Offenses"
"311c53bb-8756-450c-84dd-677dda2b48fb","***","2026-09-30T09:54:38.252Z","8","Obstructing the Police (Fleeing/Eluding)"
"7433661a-3726-47aa-b448-da7c8f466528","***","2026-09-30T10:04:33.361Z","2","Wanted Person (Arrest Warrant/Fugitive)"
"1a84ac67-31ae-4a21-aef0-48753c4b360b","***","2026-09-30T11:42:38.907Z","2","Assault/Battery Offenses (Domestic)"
"252d1ab7-04c7-47a4-9eea-459a88fe6d4e","***","2026-09-30T12:29:59.382Z","237","Stolen Property Offenses"
"69058c62-cc9e-4008-bbba-183e10ab7cbf","***","2026-09-30T13:33:21.925Z","2","Destruction/Damage/Vandalism of Property"
"c9214cec-0c22-450a-9a01-6912370fdb40","***","2026-09-30T14:29:09.768Z","2","Destruction/Damage/Vandalism of Property"
"d783d82c-a3a7-4230-aa29-fd86897adb4a","***","2026-09-30T14:44:57.492Z","1260","Financial Crime (Embezzlement/Fraud)"
"7bc03e30-86ba-444f-a260-ac0a198d274f","***","2026-09-30T17:19:05.638Z","1263","Sex Offenses"
"abee3a64-7ed5-4f8c-9289-433e2df2f419","***","2026-10-01T13:58:32.960Z","2","Homicide/Death Investigation"
"6335734a-2297-47f4-9e89-f4a67ff7ed48","***","2026-10-01T14:04:49.140Z","1262","Homicide/Death Investigation"
"9bfac930-5a3b-4640-b1c9-4176c58a848b","***","2026-10-01T16:00:32.536Z","237","Motor Vehicle Theft/Stolen"
"d99fceff-c3e1-4a99-b330-12cb972031b3","***","2026-10-01T17:36:11.123Z","3","Destruction/Damage/Vandalism of Property"
"a2447841-c71a-4157-a1d7-f475188572c5","***","2026-10-01T18:09:21.965Z","2","Destruction/Damage/Vandalism of Property"
"c7f76a29-ad49-4dba-8fe4-ff19c5c948f3","***","2026-10-01T18:23:31.548Z","236","Obstructing the Police (Fleeing/Eluding)"
"5116a862-534d-4fd9-9535-25f33e0a86d1","***","2026-10-01T18:52:32.688Z","1256","Wanted Person (Arrest Warrant/Fugitive)"
"931d466a-bebb-48a4-80a0-078fb2c70cf4","***","2026-10-01T19:00:46.495Z","1256","Wanted Person (Arrest Warrant/Fugitive)"
"99390676-26f8-40bf-b94d-5310028e4409","***","2026-10-02T01:39:58.692Z","2","Assault/Battery Offenses"
"f7a93e28-313b-4ebd-9931-31541917ab6b","***","2026-10-02T14:36:27.034Z","1252","Larceny/Theft Offenses"
"e69d9945-5d30-4393-9e88-b237c015357f","***","2026-10-02T14:37:18.350Z","1252","Larceny/Theft Offenses"
"64c72c62-42af-44db-b2ea-b51fc9109cf0","***","2026-10-02T16:41:08.505Z","1253","Sex Offenses"
"fd97d078-6f5c-4d2b-8d4e-52c20c2c91bd","***","2026-10-02T16:49:12.072Z","2","Hit and Run/Car Accident"
"4bbe1773-a4b3-48ab-b075-82c612bea032","***","2026-10-02T17:27:01.294Z","2","Sex Offenses"
"3be1b655-7e23-4373-8445-1bb50d78215a","***","2026-10-02T19:50:10.933Z","1255","Wanted Person (Arrest Warrant/Fugitive)"
"28807955-82df-4c8b-8d1f-13b3d49e2f33","***","2026-10-02T20:01:28.771Z","1255","Wanted Person (Arrest Warrant/Fugitive)"
"456f59b3-6b6f-437e-97e9-b1e6e6866d8b","***","2026-10-02T21:44:59.261Z","1255","Wanted Person (Arrest Warrant/Fugitive)"
"0d1f7b97-3d37-4782-b177-b270639aa1d8","***","2026-10-02T21:47:45.971Z","1249","Stolen Property Offenses"
"69d99ebe-2ef7-4124-838a-259b13e618b1","***","2026-10-02T22:00:12.819Z","1249","Stolen Property Offenses"
"01e4adb2-62ef-436b-96dc-8d514f1e3347","***","2026-10-02T22:17:49.084Z","1255","Wanted Person (Arrest Warrant/Fugitive)"
"b91d3b51-70d5-41ed-a81c-d63915fa46cd","***","2026-10-02T23:20:14.953Z","1255","Wanted Person (Arrest Warrant/Fugitive)"
"333199cd-0fa7-4a86-b733-6aca44c2c7ec","***","2026-10-03T00:08:31.376Z","1255","Wanted Person (Arrest Warrant/Fugitive)"
"dc92e91c-515d-428c-871e-73cda3657e37","***","2026-10-03T01:36:30.695Z","1255","Wanted Person (Arrest Warrant/Fugitive)"
"6e91e635-5708-43db-95af-ed08cb4e9273","***","2026-10-03T03:01:01.288Z","1255","Wanted Person (Arrest Warrant/Fugitive)"
"f1673623-caa7-4ca0-9126-6ca352ff6797","***","2026-10-03T04:29:11.280Z","1169","Larceny/Theft Offenses"
"a28ccb95-534b-4f8e-a346-a17011faf449","***","2026-10-03T04:30:54.235Z","2","Weapons Offense (Guns/Shots Fired)"
"2fc2cecc-c653-4de0-aeb3-8912dbdf3a5b","***","2026-10-03T04:54:42.375Z","1255","Wanted Person (Arrest Warrant/Fugitive)"
"1343a89e-7fab-4583-90b5-ba3d6a50144d","***","2026-10-03T05:26:04.348Z","1255","Wanted Person (Arrest Warrant/Fugitive)"
"afe6d431-f5e5-4893-aa11-204aec1d4d0e","***","2026-10-03T05:27:16.370Z","1249","Stolen Property Offenses"
"7d46f11d-12cd-4d60-b495-4a7d95018504","***","2026-10-03T06:42:07.746Z","1255","Wanted Person (Arrest Warrant/Fugitive)"
"c18f6f9e-6673-476c-acba-d48773eed8dc","***","2026-10-03T07:16:18.654Z","237","Motor Vehicle Theft/Stolen"
"2b155c25-d299-41e0-9a42-21c69f22bc45","***","2026-10-03T08:50:02.492Z","1255","Wanted Person (Arrest Warrant/Fugitive)"
"92193c27-101d-4df9-9f0e-0c9d8975b043","***","2026-10-03T13:20:22.969Z","1250","Assault/Battery Offenses"
"71dfafc3-9962-4f98-b597-7b411510ec05","***","2026-10-03T14:39:29.171Z","2","Hit and Run/Car Accident"
"e310ae2e-967d-4fb0-8275-f73ef8166cf1","***","2026-10-03T15:00:16.838Z","1","Hit and Run/Car Accident"
"2a90d318-9b3b-48bd-9381-c84fc369c7c4","***","2026-10-03T15:47:57.828Z","1250","Assault/Battery Offenses"
"ef20e6d3-fb66-4a51-97bb-d37e3f7641dc","***","2026-10-03T17:33:41.756Z","1253","Burglary/Breaking & Entering"
"7096d40e-ffc7-494f-92a5-d0ac3bdc4b62","***","2026-10-03T18:06:12.301Z","1253","Burglary/Breaking & Entering"
"4044906c-0466-4794-b7c3-72076b056bf7","***","2026-10-03T19:58:26.989Z","1255","Wanted Person (Arrest Warrant/Fugitive)"
"e2b6e356-ec2f-4ef8-b6df-002345399fb0","***","2026-10-03T20:04:49.223Z","1255","Wanted Person (Arrest Warrant/Fugitive)"
"ed84178c-8c4b-4ddb-87f8-268854f0163f","***","2026-10-03T21:00:03.719Z","1255","Wanted Person (Arrest Warrant/Fugitive)"
"1437c455-692c-49ba-a742-e54a0b041573","***","2026-10-03T21:04:39.140Z","4","Hit and Run/Car Accident"
"82591efc-73dc-47cf-9aba-87eb76183f0d","***","2026-10-03T22:38:13.715Z","1255","Wanted Person (Arrest Warrant/Fugitive)"
"a6b22aef-1f4b-415a-a2f3-4775c9e0b8bb","***","2026-10-03T23:05:43.747Z","1255","Wanted Person (Arrest Warrant/Fugitive)"
"d8a463ac-3134-4721-a668-73c751cecca3","***","2026-10-04T00:06:11.451Z","1255","Wanted Person (Arrest Warrant/Fugitive)"
"5660d7f9-92cd-4730-8f1d-fe320fa69acd","***","2026-10-04T00:12:13.642Z","1256","Missing/Endangered Person/Runaway"
"acc3d1a5-1cdb-4fe6-897b-f035560bf360","***","2026-10-04T00:55:55.300Z","1247","Criminal Motor Vehicle Offense (incl. Road Rage/Reckless)"
"c37b5195-1f29-4e12-aff4-b40d1447fe97","***","2026-10-04T01:00:11.208Z","2","Criminal Motor Vehicle Offense (incl. Road Rage/Reckless)"
"9d16c31c-2554-4f40-a60b-021efc4c7a84","***","2026-10-04T01:00:41.940Z","1255","Wanted Person (Arrest Warrant/Fugitive)"
"74262eba-6912-4162-883e-09336bd49345","***","2026-10-04T02:00:06.988Z","1255","Wanted Person (Arrest Warrant/Fugitive)"
"c39c5baf-0467-4734-b4c2-94529d7ac5c9","***","2026-10-04T02:19:56.915Z","2","Criminal Motor Vehicle Offense (incl. Road Rage/Reckless)"
"84e92a15-1a46-4162-8466-8174d72c3488","***","2026-10-04T03:05:15.008Z","1255","Wanted Person (Arrest Warrant/Fugitive)"
"c79d9b5b-9d99-4b2b-808d-d20df8ace922","***","2026-10-04T03:33:25.017Z","1247","Criminal Motor Vehicle Offense (incl. Road Rage/Reckless)"
"fa75fddd-7c05-4df1-8604-f7b9533c2902","***","2026-10-04T04:08:44.964Z","5","Criminal Motor Vehicle Offense (incl. Road Rage/Reckless)"
"9037ae3a-4efc-4850-ba13-96be432759ff","***","2026-10-04T06:01:32.434Z","1255","Wanted Person (Arrest Warrant/Fugitive)"
"a39b2c74-fffd-46ee-8d69-bd897068a095","***","2026-10-04T06:15:31.403Z","1247","Criminal Motor Vehicle Offense (incl. Road Rage/Reckless)"
"252bab01-3612-43a9-ae52-dd886dd0d703","***","2026-10-04T12:51:23.591Z","1255","Weapons Offense (Guns/Shots Fired)"
"39d7a30c-1dad-4856-83fb-92fb39b2814d","***","2026-10-04T19:08:39.548Z","2","Welfare Check"
"410f368d-c294-446c-8154-cf95850f735e","***","2026-10-04T21:22:10.665Z","237","Wanted Person (Arrest Warrant/Fugitive)"
"5bc1f342-39b5-4273-a1e0-33b1c343cfbe","***","2026-10-05T01:01:50.059Z","1255","Wanted Person (Arrest Warrant/Fugitive)"
"451ab439-7510-4683-b511-f9fa11b48fb4","***","2026-10-05T01:10:08.236Z","237","Wanted Person (Arrest Warrant/Fugitive)"
"7955e262-cd55-49c1-bc75-6838c47d3c22","***","2026-10-05T03:09:07.958Z","1255","Wanted Person (Arrest Warrant/Fugitive)"
"a915d1a8-6a7b-42c7-8485-38e1bc99d62c","***","2026-10-05T10:38:51.624Z","2","Hit and Run/Car Accident"
"22efa90d-2b7c-4a73-9d91-b1badcb1eb63","***","2026-10-05T11:55:26.169Z","1261","Hit and Run/Car Accident"
"c504fc49-43fd-4784-b7a9-951d8bc40209","***","2026-10-05T12:02:41.767Z","1253","Burglary/Breaking & Entering"
"fdb0fb65-5c5f-482d-80ee-a341f2f3ceb3","***","2026-10-05T12:41:46.839Z","2","Larceny/Theft Offenses"
"0a32b17f-a647-464d-b2fd-b6dacc761c8b","***","2026-10-05T13:15:10.640Z","1252","Hit and Run/Car Accident"
"4364521d-d986-4a93-9f7b-8d32e656bebe","***","2026-10-05T13:42:04.523Z","1249","Destruction/Damage/Vandalism of Property"
"32636d6b-5440-4750-8ca3-f918958bd776","***","2026-10-05T14:15:12.313Z","1252","Hit and Run/Car Accident"
"5eb3604d-58a7-43ec-aa6d-7f5688dacfc3","***","2026-10-05T14:59:09.123Z","2","Destruction/Damage/Vandalism of Property"
"86bb2078-8740-4fbd-ae12-fdce6fc92811","***","2026-10-05T15:02:50.169Z","2","Destruction/Damage/Vandalism of Property"
"494b0007-e8c9-4cda-b5e9-12b868abf07b","***","2026-10-05T16:15:17.195Z","1249","Destruction/Damage/Vandalism of Property"
"38d4b2ea-1894-4bff-9994-38528a05095f","***","2026-10-05T17:23:04.516Z","1252","Hit and Run/Car Accident"
"54b49486-6a81-4650-b029-825907a611b3","***","2026-10-05T18:18:31.423Z","1251","Hit and Run/Car Accident"
"fce21862-3efa-47fb-ace4-cd4339dec7e6","***","2026-10-06T16:05:16.328Z","1251","Weapons Offense (Guns/Shots Fired)"
"e9309f03-8f7d-41ff-b760-e16ceb73f11d","***","2026-10-06T16:06:02.348Z","2","Hit and Run/Car Accident"
"fbe52ed4-0c93-4235-aa46-033b93922734","***","2026-10-06T16:14:18.202Z","2","Weapons Offense (Guns/Shots Fired)"
"ac7df6ad-6003-4bae-b0e5-506246059127","***","2026-10-06T16:18:46.527Z","1","Weapons Offense (Guns/Shots Fired)"
"7c84958c-ac01-4887-b1de-9ca50c934be4","***","2026-10-06T17:00:40.903Z","237","Weapons Offense (Guns/Shots Fired)"
"2044f7f2-beed-44e4-90e2-cfbf6fdcc459","***","2026-10-06T17:56:14.011Z","2","Weapons Offense (Guns/Shots Fired)"
"d1770c16-b207-4a3b-8ae9-ff1956368cfd","***","2026-10-06T18:14:43.575Z","2","Assault/Battery Offenses"
"f7091780-9069-489b-a256-3cd3e99204d9","***","2026-10-07T10:04:19.864Z","1248","Hit and Run/Car Accident"
"0f1214a7-5f42-4cc0-a3b3-097dc2e0f4b5","***","2026-10-07T10:34:12.177Z","2","Hit and Run/Car Accident"
"c1b938a3-0431-497a-a1fa-b4faa06b5d47","***","2026-10-07T20:22:50.456Z","1246","Wanted Person (Arrest Warrant/Fugitive)"
"6cec48c4-89d6-4686-a997-f9ef327aa065","***","2026-10-07T22:33:44.775Z","1246","Wanted Person (Arrest Warrant/Fugitive)"
"d183a930-629c-49b5-ba82-60cb0bb5a711","***","2026-10-07T22:34:43.256Z","1246","Wanted Person (Arrest Warrant/Fugitive)"