"id","searchDate","networkCount","reason","offenseType"
"5edfba6f-ca86-4817-ae05-e5cd11fce6a7","2026-08-24T14:03:21.361Z","1377","OMG","Drugs/Narcotics"
"f84b03b4-6c21-4204-b448-6a5b1415dd72","2026-08-24T16:36:45.478Z","1373","OMG","Drugs/Narcotics"
"b724ddda-6d9a-497e-823d-738c0da9356f","2026-08-24T21:00:48.429Z","1423","udaa","Motor Vehicle Theft/Stolen"
"7ccee346-4360-4eb7-86ff-52b5ae62ce07","2026-08-24T22:19:53.688Z","1","udaa","Motor Vehicle Theft/Stolen"
"e09b4f98-e7f3-4fb8-8e48-acf3bf0dfee5","2026-08-25T12:02:30.633Z","1369","DV","Assault/Battery Offenses"
"3af9809f-3919-4eac-b466-1bf03d62ed01","2026-08-25T13:01:36.103Z","1423","Road Rage","Assault/Battery Offenses (Domestic)"
"00488dc8-ca2c-4c01-a6e3-2234b12e5a24","2026-08-25T15:10:37.929Z","1371","suspect vehicle - domestic assault","Assault/Battery Offenses (Domestic)"
"f21af5fb-1cf2-486b-8971-9762728c8f7b","2026-08-25T15:11:31.080Z","1423","Assault","Assault/Battery Offenses"
"46a8c235-0e64-458f-abfd-be3d28996e28","2026-08-25T15:12:54.889Z","1369","Suspect","Assault/Battery Offenses (Domestic)"
"52049594-1c48-4aa3-bfdb-b1d363e8c664","2026-08-25T15:19:42.262Z","1369","DV","Assault/Battery Offenses"
"5765547f-a3db-4616-8c2b-e2d45f3ce21d","2026-08-25T15:25:37.904Z","1369","Grpd and homicide suspect tie in","Motor Vehicle Theft/Stolen"
"ac013f81-e70a-4bd9-afa0-6fa25d1fb638","2026-08-25T20:38:43.188Z","1","motorcycle fail to yield","Obstructing the Police (Fleeing/Eluding)"
"a9c36141-d5a7-4c24-9cf1-facf89c12252","2026-08-25T22:06:25.048Z","1","hit and run suspect","Hit and Run/Car Accident"
"d8151159-19ff-4109-ba9f-a76d2062463b","2026-08-25T22:29:45.400Z","1312","suspect vehicle","Hit and Run/Car Accident"
"b5813bc7-40bd-4e6c-a00b-9fec4ddc42fa","2026-08-25T22:46:56.128Z","1421","BOL","Hit and Run/Car Accident"
"e28b61cc-448d-4243-b0f6-dfbd590007a9","2026-08-25T23:00:00.377Z","1421","BOL","Hit and Run/Car Accident"
"1802b8fa-1948-45be-82df-cb10df7bbf1a","2026-08-25T23:35:23.856Z","1421","Stolen license plate","Larceny/Theft Offenses"
"a78dc0d5-0bfe-4365-91a6-cd1d79fdf771","2026-08-25T23:39:12.050Z","1421","bol","Stolen Property Offenses"
"1663ac40-010b-48ee-a87d-60683ae108a4","2026-08-26T00:02:09.957Z","1421","Stolen license plate","Larceny/Theft Offenses"
"0d19a777-37d4-4d84-92e3-ca2aa5118e45","2026-08-26T01:13:27.951Z","1421","Stolen license plate","Larceny/Theft Offenses"
"0aeb41cc-403a-472b-8ae0-95ab1e1b7402","2026-08-26T02:28:11.913Z","1421","Stolen license plate","Larceny/Theft Offenses"
"cc052a44-1673-447e-bb10-6f3bc2d72ad1","2026-08-26T02:31:08.743Z","1419","Swerving all over road","Traffic Infraction"
"99e7d80c-c22a-488a-b3d9-822466c0d163","2026-08-26T05:18:48.067Z","1","hit and run suspect","Hit and Run/Car Accident"
"cb0d6970-8e87-4a3f-85d0-9b5deccf8844","2026-08-26T10:48:35.904Z","1412","request from south haven from capt haglud to search for armed robbery vehicle from 08-18-26","Robbery"
"1b0927c2-c4be-4ce0-a905-dbafea1b4c28","2026-08-26T11:03:43.010Z","1","flee and elude degraaf","Obstructing the Police (Fleeing/Eluding)"
"44888507-79ae-4280-bddc-c6f3e53a5073","2026-08-26T15:53:00.213Z","1310","Jamie Poledore warrant","Assault/Battery Offenses (Domestic)"
"73c063dc-2354-4d13-be11-8656bc7765e0","2026-08-26T15:57:34.819Z","1","ottawa count home invasion hpd assist","Burglary/Breaking & Entering"
"7581b5a2-4a95-4edc-8e05-4da11084c90d","2026-08-26T15:57:39.097Z","1367","Locate vehicle","Burglary/Breaking & Entering"
"d711fa82-7053-43ba-8370-a397e7c77129","2026-08-26T16:00:29.850Z","1","ottawa count home invasion hpd assist","Burglary/Breaking & Entering"
"5c6eddc2-8302-4459-807c-583a20922650","2026-08-26T16:02:55.104Z","1410","B&E possible suspect vehicle","Burglary/Breaking & Entering"
"99f924f1-5939-4d29-820e-f684d191138a","2026-08-26T16:16:34.308Z","1323","BE","Burglary/Breaking & Entering"
"ec4f5cee-c764-42d6-bd4c-947db9f22b3a","2026-08-26T17:20:20.530Z","1323","BE","Burglary/Breaking & Entering"
"bdbf4040-a0de-48f4-9735-ebc9939c9d94","2026-08-26T18:02:13.212Z","1410","ottawa count home invasion hpd assist","Burglary/Breaking & Entering"
"7c4e8903-f11a-4e3a-9650-59cf8fbf6078","2026-08-26T19:30:49.240Z","1321","Suspext vehicle","Hit and Run/Car Accident"
"323bc379-2218-40ec-b3f1-c17a5a8688aa","2026-08-26T20:07:10.122Z","1409","ottawa count home invasion hpd assist","Burglary/Breaking & Entering"
"16a6a3d5-d1ac-4d39-a57b-b7f55b45d566","2026-08-26T20:17:59.650Z","1408","fraud motorhome sale","Financial Crime (Embezzlement/Fraud)"
"fb04ef66-6b15-411b-a353-0c967f30ffa4","2026-08-26T20:44:38.451Z","1309","Suspect vehicle","Burglary/Breaking & Entering"
"331598cf-9d97-47f5-80d1-32dcf5887256","2026-08-26T21:45:10.586Z","1","b&e","Burglary/Breaking & Entering"
"28e56ae6-9cb0-405a-b377-2824fa53116b","2026-08-27T01:19:00.563Z","1","traffic complaint","Traffic Infraction"
"d886942f-69ba-46a7-ac3e-f38f20692886","2026-08-27T06:01:45.434Z","1417","hit and run","Hit and Run/Car Accident"
"0c855a13-5eb0-4671-88f3-448478d43a90","2026-08-27T08:10:05.990Z","1417","hit and run","Hit and Run/Car Accident"
"d6a26f28-72e6-4d7f-8882-d0638782f047","2026-08-27T10:20:01.131Z","1364","Missing person wjth mental conditions","Missing/Endangered Person/Runaway"
"4cc0b61b-b8ba-4eec-a581-47d04326ea07","2026-08-27T12:13:50.560Z","1","fraud motorhome sale","Financial Crime (Embezzlement/Fraud)"
"6157f6d8-1828-4d6b-bf8d-08e6f7b82198","2026-08-27T12:40:34.045Z","1","suspect vehicle","Burglary/Breaking & Entering"
"c72ef049-497f-4d24-a040-99d5760e76b8","2026-08-27T13:05:40.043Z","1","fraud motorhome sale","Financial Crime (Embezzlement/Fraud)"
"a410e4ab-dabd-429b-9395-41c5889995d1","2026-08-27T14:59:17.337Z","1406","wanted subject","Wanted Person (Arrest Warrant/Fugitive)"
"335b0a40-8aed-4411-beb8-436ee83ea995","2026-08-27T15:01:31.508Z","1406","wanted subject","Wanted Person (Arrest Warrant/Fugitive)"
"43e34210-42f3-4eb0-8d5e-ae8825bc1ea9","2026-08-27T15:44:53.211Z","1361","Fugitive briggs","Wanted Person (Arrest Warrant/Fugitive)"
"c90d01ec-abf6-41aa-ac5e-f9aa20284a03","2026-08-27T16:00:32.730Z","1361","Wanted subj","Wanted Person (Arrest Warrant/Fugitive)"
"eb841370-9ae1-4f23-981d-c7a7311185cc","2026-08-27T16:01:59.926Z","1361","Fugitive briggs","Wanted Person (Arrest Warrant/Fugitive)"
"a33c1ff9-8d2c-4750-be94-384557055f1e","2026-08-27T16:04:27.790Z","1361","Fugitive poledore","Wanted Person (Arrest Warrant/Fugitive)"
"95936f76-d09e-4f9d-81c8-310a4082a449","2026-08-27T16:05:13.164Z","1405","Felony warrant suspect","Financial Crime (Embezzlement/Fraud)"
"db4b20f8-1914-4f5d-b9d6-b420aa8acdaa","2026-08-27T17:06:13.710Z","1406","Possible suspect vehicle","Burglary/Breaking & Entering"
"492ae3e4-7845-4288-ae0e-81dba565edf1","2026-08-27T17:57:31.176Z","1","fraud motorhome sale","Financial Crime (Embezzlement/Fraud)"
"15f613d5-6028-478d-ab5a-2910424236ab","2026-08-27T18:02:09.525Z","1405","fraud motorhome sale","Financial Crime (Embezzlement/Fraud)"
"d8978d0f-72c7-4d99-a23c-26b04edf8da0","2026-08-28T01:49:23.767Z","1303","Suspect vehicle","Driving Under the Influence (DUI/DWI/OWI/OVI)"
"07575596-35aa-4cca-adda-008d0425705d","2026-08-28T18:21:05.174Z","1399","PI hit/Run","Hit and Run/Car Accident"
"96864292-1d9c-4986-addb-29774d8d3940","2026-08-28T18:39:33.811Z","1357","Suspect Vehicle","Hit and Run/Car Accident"
"4472b225-3f87-4129-b05d-103d5ea50d91","2026-08-28T19:31:12.739Z","1399","PI hit/Run","Hit and Run/Car Accident"
"1896c9cd-abc5-42a8-baef-2db70136fb5f","2026-08-28T20:45:13.604Z","1407","Lost car","City Planning/Traffic Analysis"
"fd8e59d5-f482-4349-ad4c-76ab017e7218","2026-08-28T22:52:25.531Z","1","Shoplifting","Larceny/Theft Offenses"
"4033d1ed-6367-4b86-b600-68b52f2c187b","2026-08-29T12:14:46.700Z","1357","Fugitive poledore","Burglary/Breaking & Entering"
"32bec083-80f9-48ab-9821-76e028dea76b","2026-08-29T16:01:12.985Z","1315","Bol","Robbery"
"e7af8ad2-d638-4557-9014-dfe583e288ca","2026-08-29T16:16:18.456Z","1408","ocso armed robbery","Robbery"
"0b5ee78c-d05f-42cc-9cfe-747c98d4d25d","2026-08-29T18:14:20.780Z","1407","BOL","Welfare Check"
"07bbae9d-fa96-4643-ae9d-77b026329110","2026-08-29T18:17:25.605Z","1408","stolen vehicle","Motor Vehicle Theft/Stolen"
"a65ee2c5-aef3-4096-be5e-137e00992c9a","2026-08-29T20:55:23.832Z","1407","bol","Hit and Run/Car Accident"
"5c2f12bd-f83c-4c73-8d98-6835fdb98ffc","2026-08-29T20:55:24.960Z","1407","assist other agency","Hit and Run/Car Accident"
"506fa1b3-c65c-449d-82a0-0095ee253e69","2026-08-29T21:00:52.817Z","1","assist allegan on hit and run","Hit and Run/Car Accident"
"6af22489-c258-456c-ac1f-22f2d3fc7ed7","2026-08-29T21:01:39.885Z","1407","bol","Hit and Run/Car Accident"
"bd12634f-77f0-4848-b054-e67af05ea479","2026-08-29T21:01:41.760Z","1407","assist other agency","Hit and Run/Car Accident"
"9544dd44-9bea-45c5-a9b5-e293c5000984","2026-08-29T22:14:13.743Z","1","assist allegan on hit and run","Hit and Run/Car Accident"
"2c9b2953-f501-4f9f-9aa0-a41be5c170ec","2026-08-29T22:25:53.755Z","1","DV suspect","Assault/Battery Offenses (Domestic)"
"0ff1de86-0a93-48e4-89b7-90f54e817d92","2026-08-30T09:05:17.368Z","1407","dv she left in the car","Assault/Battery Offenses"
"b1cadb16-a36d-4299-8973-4b168013b2e0","2026-08-30T19:56:24.518Z","1356","hit and run suspect","Hit and Run/Car Accident"
"70c5f3f0-a1a8-4bad-8235-5775ecc51407","2026-08-30T20:01:41.841Z","1356","hit and run suspect","Hit and Run/Car Accident"
"63befdc9-6190-4507-be29-7faf1bb2cb7e","2026-08-30T22:10:49.186Z","1408","SHOOTING","Weapons Offense (Guns/Shots Fired)"
"426cd5cc-dca9-4fb3-a872-89df17a691ab","2026-08-30T22:17:11.463Z","1408","Shooting","Weapons Offense (Guns/Shots Fired)"
"be99f51d-908d-4841-ab0c-6077c73ff658","2026-08-30T22:21:35.488Z","1","shooting suspect","Weapons Offense (Guns/Shots Fired)"
"57fec368-b1e3-45cd-a8dd-3c6d4470ec79","2026-08-30T22:25:47.931Z","1357","Shooting suspect","Weapons Offense (Guns/Shots Fired)"
"db4f612c-4e85-484b-b36b-124a4d663696","2026-08-30T23:01:59.829Z","1407","Shooting","Weapons Offense (Guns/Shots Fired)"
"2593fbc7-a8c6-406d-beb8-d7ee28d295f3","2026-08-30T23:05:40.455Z","1407","SHOOTING","Weapons Offense (Guns/Shots Fired)"
"13cd96fa-518a-45b7-8ad9-15c6a605b168","2026-08-31T00:36:18.144Z","1407","SHOOTING","Weapons Offense (Guns/Shots Fired)"
"1c6903c1-5bf1-4bfc-98d2-4933dfff6fb4","2026-08-31T01:42:40.897Z","1407","SHOOTING","Weapons Offense (Guns/Shots Fired)"
"63102871-50b8-4560-8988-7c8c1414f29d","2026-08-31T01:49:05.008Z","1407","Shooting","Weapons Offense (Guns/Shots Fired)"
"502fcbac-f30a-4025-b528-0358df6f780a","2026-08-31T14:45:42.831Z","1353","S1 of Check Fraud at Menards driving UHaul","Financial Crime (Embezzlement/Fraud)"
"b2295248-6d79-4cfa-808b-ca13abd2a16a","2026-08-31T18:29:07.155Z","1348","ATl","Driving Under the Influence (DUI/DWI/OWI/OVI)"
"b65e21e7-aa9b-4c50-83a7-a33443c1b4fa","2026-08-31T21:09:16.479Z","1400","BOL","Assault/Battery Offenses"
"77e5a251-907c-45c5-bad7-8f9720b3fa85","2026-08-31T21:26:00.898Z","1349","suspect vehicle","Disorderly Conduct/Disturbance"
"89f245c4-8a84-4c09-b71e-2a3da0c18b9c","2026-08-31T22:18:51.179Z","1","Suspect vehicle","Disorderly Conduct/Disturbance"
"6a0fa3d1-cdcd-4bf8-9c95-dfbafac3a3bc","2026-08-31T23:07:52.602Z","1349","Suspect vehicle","Disorderly Conduct/Disturbance"
"2acbace1-fec4-4571-9085-70fa60124cfd","2026-09-01T03:01:18.544Z","1347","Suspect vehicle","Disorderly Conduct/Disturbance"
"814622ac-34b6-44d3-89aa-0c6b68659fbf","2026-09-01T12:14:13.725Z","1347","Warrant","Wanted Person (Arrest Warrant/Fugitive)"
"be11ea78-affe-4bc1-bff5-f6afe6e6635f","2026-09-01T12:24:24.533Z","1347","Narcotics Fugitive","Drugs/Narcotics"
"db9bace3-9a22-4302-a5ae-c1bc85609355","2026-09-01T13:59:51.292Z","1387","missing juvi with biomom's possible plate","Missing/Endangered Person/Runaway"
"f6e30f41-e7d3-44e1-8938-f4a8725d62dd","2026-09-01T16:08:09.705Z","1384","fraud for elderly","Financial Crime (Embezzlement/Fraud)"
"3d2ee33c-318f-44a8-afbc-6592ee884320","2026-09-01T16:13:26.301Z","1384","elderly fraud","Financial Crime (Embezzlement/Fraud)"
"6ae3d0dc-213a-4ce4-b9bf-975e44e7da43","2026-09-01T19:29:13.703Z","1","vehicle missing","Motor Vehicle Theft/Stolen"
"5e4628ac-438a-497b-ab1e-3d17a7fefa07","2026-09-01T19:32:33.426Z","1","check well being","Welfare Check"
"261d04d1-4993-4396-94fb-f4075f1ddf98","2026-09-01T21:43:32.729Z","1","HIT AND RUN","Hit and Run/Car Accident"
"89d189e2-553f-4a76-b45d-f78ba7548dea","2026-09-02T10:53:28.304Z","1","mdop to a flock camera","Destruction/Damage/Vandalism of Property"
"49a4742e-458b-4207-80ba-67bc45257963","2026-09-02T11:03:20.955Z","1","mdop to a flock camera","Destruction/Damage/Vandalism of Property"
"28e3b329-a8ef-4f7f-bb38-ab78ffeb6789","2026-09-02T13:37:03.181Z","1","Bol","Hit and Run/Car Accident"
"5d0284b9-8e4e-4a7d-aaa3-c2043895580f","2026-09-02T14:29:20.469Z","1","Suspect Vehicle involved in a hit and run","Hit and Run/Car Accident"
"6a0e8542-6df2-46a1-a7b9-abeff9b5263b","2026-09-03T05:07:57.009Z","1330","DV S1","Assault/Battery Offenses (Domestic)"
"c57ab3f3-c52b-4dd1-8256-b1c0721d6e26","2026-09-03T06:12:34.838Z","1330","DV S1","Assault/Battery Offenses (Domestic)"
"f5a0fb2d-7630-4dad-8887-ff351795f384","2026-09-03T12:46:12.881Z","1371","person of interest","Threats/Harassment"
"8c144665-6b32-464c-85ee-a798aea7f413","2026-09-03T13:43:14.653Z","1370","person of interest","Threats/Harassment"
"e82a4876-7119-4504-b41d-b449c129cf63","2026-09-03T15:59:37.128Z","1326","ATL","Missing/Endangered Person/Runaway"
"8cba92a5-3848-4e54-b856-06bdb519f9e3","2026-09-03T16:33:35.739Z","1326","ATL","Missing/Endangered Person/Runaway"
"b14d6871-1244-4295-b807-1e16ba6aa483","2026-09-04T00:08:09.856Z","1371","Vehicle Fled","Hit and Run/Car Accident"
"fb4f9592-1e93-47cf-b877-b3cd8de75aa6","2026-09-04T13:08:56.180Z","1","BOL","Burglary/Breaking & Entering"
"38c4e591-7fe8-4f9a-9189-a4f6070c2f55","2026-09-04T14:13:45.479Z","1276","Udaa","Motor Vehicle Theft/Stolen"
"e4848d40-d052-4965-a1a5-c463d2fe449e","2026-09-04T22:30:17.764Z","1361","Traffic violation","Traffic Infraction"
"19e44ba4-18f7-4104-850f-8a81ed83b091","2026-09-05T05:28:30.227Z","1312","s1 vehicle","Hit and Run/Car Accident"
"48ed01f4-7910-482b-bc8f-67023ed4ea19","2026-09-05T21:47:27.839Z","1364","fled","Weapons Offense (Guns/Shots Fired)"
"8714c8e2-c223-47af-912d-eb260c94daa0","2026-09-05T21:47:34.236Z","1270","Locate vehicle","Weapons Offense (Guns/Shots Fired)"
"8f524368-4c4f-4344-be60-53529b95659d","2026-09-05T21:48:14.366Z","1","S1 vehicle","Weapons Offense (Guns/Shots Fired)"
"18ec36de-fdc8-46a5-aaf6-82648f45d295","2026-09-05T21:48:24.595Z","1364","weapon shown","Weapons Offense (Guns/Shots Fired)"
"5d873782-94f8-4cd8-8231-f1248906185a","2026-09-05T21:49:56.646Z","1","S1 in weapons offense","Weapons Offense (Guns/Shots Fired)"
"6fc04610-fd0b-40b2-a202-0eb2d361a092","2026-09-05T21:51:40.365Z","1","weapons","Weapons Offense (Guns/Shots Fired)"
"211dd99a-cf09-46df-9259-91d339b5a168","2026-09-05T22:00:41.496Z","1364","weapon shown","Weapons Offense (Guns/Shots Fired)"
"9bb59137-cba7-4f5f-8aa9-628c6a480b17","2026-09-05T22:00:44.382Z","1270","Locate vehicle","Weapons Offense (Guns/Shots Fired)"
"e0383a27-9703-4da1-b232-c31c70550e97","2026-09-05T22:02:25.366Z","1","weapons","Weapons Offense (Guns/Shots Fired)"
"387b0298-dede-4270-a1e5-54430faa7e39","2026-09-05T22:04:48.991Z","1313","S1 vehicle","Weapons Offense (Guns/Shots Fired)"
"e3209523-32de-4719-a66b-a282b1ebf73b","2026-09-06T07:44:53.003Z","1","hit a sign reason to belive intox","Driving Under the Influence (DUI/DWI/OWI/OVI)"
"834e3115-1612-4105-aff5-41d89f4a879d","2026-09-06T08:02:26.440Z","1361","hit a sign reason to belive intox","Driving Under the Influence (DUI/DWI/OWI/OVI)"
"1bd8af17-09d0-44a2-a071-12800eed42c3","2026-09-06T09:03:56.758Z","1361","hit a sign reason to belive intox","Driving Under the Influence (DUI/DWI/OWI/OVI)"
"b2ef3224-3578-4b71-a517-20ff283da8b2","2026-09-06T12:41:27.444Z","1267","Udaa","Assault/Battery Offenses"
"12010618-c36f-4835-bef1-bcdcf5e5eed2","2026-09-06T16:26:07.405Z","1266","Udaa","Motor Vehicle Theft/Stolen"
"9805c823-eab9-4276-af0f-df9cfe2ca7fa","2026-09-06T17:34:02.335Z","1266","Locate vehicle","Stolen Property Offenses"
"26ddd744-c00b-4efd-b9aa-f39dd3aa9ec2","2026-09-06T19:54:34.581Z","1360","Domestic","Assault/Battery Offenses (Domestic)"
"b640455e-2a86-454b-ac7d-1ca83fd78160","2026-09-07T02:40:41.518Z","1309","S1 vehicle in Kentwood PD invs","Drugs/Narcotics"
"2f945138-7533-4303-a9ac-0bbccbde2350","2026-09-07T03:03:31.510Z","1308","MDOP","Destruction/Damage/Vandalism of Property"
"432f661a-2a0a-4165-a3dd-ee184e6f1ac4","2026-09-07T03:17:15.481Z","1309","S1 vehicle in Kentwood PD invs","Drugs/Narcotics"
"a2c32c74-8c79-438e-8804-b266f660361a","2026-09-07T22:30:24.561Z","1266","Ccw","Weapons Offense (Guns/Shots Fired)"
"06564c16-33f0-4c8c-9569-5f20bd133ada","2026-09-08T01:29:30.198Z","1309","CCW","Weapons Offense (Guns/Shots Fired)"
"646712e4-1d9f-484b-b537-bba50c928192","2026-09-08T03:22:09.664Z","1309","CCW","Weapons Offense (Guns/Shots Fired)"
"8a84411a-15af-4de4-b8ff-7098811fe619","2026-09-08T04:24:33.887Z","1309","CCW","Weapons Offense (Guns/Shots Fired)"
"ae6529b2-ce21-4282-813c-87483739b95c","2026-09-08T18:57:23.489Z","1343","suspicious person","Curfew/Loitering/Vagrancy Violations"
"79de95a0-77b1-48d0-bbfa-1235ea4e213e","2026-09-08T19:07:01.000Z","1343","suspicious person","Curfew/Loitering/Vagrancy Violations"
"b8296a20-d3d4-47dd-a519-b8e4f6a177e4","2026-09-08T20:06:41.953Z","1344","s1 vehicle","Larceny/Theft Offenses"
"9fc3da8d-3f09-45b4-8f77-5e4d6dd9b554","2026-09-08T22:03:48.292Z","1301","CCW","Weapons Offense (Guns/Shots Fired)"
"8a317845-d445-4171-b75d-d2079e7f2a77","2026-09-09T01:20:14.549Z","1301","CCW","Weapons Offense (Guns/Shots Fired)"
"3ceee83c-e5ab-466e-96b6-e9dc54b3d5bf","2026-09-09T14:14:49.569Z","1255","Locate vehicle","Hit and Run/Car Accident"
"25d9f8f4-0577-4f45-81b9-c8cfc2894b60","2026-09-09T14:19:09.884Z","1297","Fugitive dv suspect tiffany chanthavon","Assault/Battery Offenses (Domestic)"
"7c670b62-d867-49cb-beec-cc9916890b9d","2026-09-09T20:38:47.772Z","1291","Ottawa BOLo","Assault/Battery Offenses (Domestic)"
"c0f5b538-d646-477c-8d34-1abd9867bf4b","2026-09-09T20:40:32.361Z","1293","S1 vehicle","Assault/Battery Offenses (Domestic)"
"53afe9cb-7c1e-41dd-ada5-8b27a9ecde33","2026-09-09T20:56:03.140Z","1292","Locate vehicle","Assault/Battery Offenses"
"b713a9fc-fb20-4b47-b90d-d8d4594c410e","2026-09-09T21:00:08.711Z","1291","Ottawa BOLo","Assault/Battery Offenses (Domestic)"
"8faf7f20-dca7-410b-8676-96394fc75a5f","2026-09-10T11:11:23.962Z","1290","Fugitive dv suspect tiffany chanthavon","Assault/Battery Offenses (Domestic)"
"bd1e4079-c439-4d4d-9a41-dbad2611f02b","2026-09-10T11:55:57.864Z","1334","sluiter rtf, pattern of life and attempt to locate","Larceny/Theft Offenses"
"5d2a0a85-bd8a-4600-93f5-43739bd761d4","2026-09-10T12:20:27.035Z","1","car left the scene","Hit and Run/Car Accident"
"61036c38-3a71-4490-a9d9-1a6a2eb9934c","2026-09-10T13:15:21.954Z","1334","sluiter rtf, pattern of life and attempt to locate","Larceny/Theft Offenses"
"6bfbca9c-7771-4958-af89-79be0cd53e5d","2026-09-10T15:42:39.371Z","1334","wanted subject","Wanted Person (Arrest Warrant/Fugitive)"
"05700fa5-20f6-4d33-b365-22d918933262","2026-09-10T15:44:46.933Z","1333","sluiter rtf, pattern of life and attempt to locate","Larceny/Theft Offenses"
"1d10f9cc-ea2f-4c75-a817-a8057258735c","2026-09-10T16:12:42.516Z","1333","sluiter rtf, pattern of life and attempt to locate","Larceny/Theft Offenses"
"4aacfa7a-f515-4439-ae65-5dce97ab4f06","2026-09-10T17:04:50.735Z","1286","Fugitive poledore","Larceny/Theft Offenses"
"6dd5c3f5-d86a-47f6-975e-dc942fdf2b31","2026-09-10T19:47:23.755Z","1338","Domestic","Assault/Battery Offenses (Domestic)"
"dbffaac2-e898-40ff-b1ed-f6be25e9dc59","2026-09-10T23:33:31.348Z","1330","Traffic violation","Traffic Infraction"
"1a6bdea7-cde9-41d3-a694-db40ca04abe0","2026-09-11T15:43:46.691Z","1","Suspect in reckless/careless driving complaint through Meijer parking lot.","Traffic Infraction"
"67c2ab5e-d370-4ee7-83b1-bc076e4bf42a","2026-09-11T15:53:38.987Z","1280","Vcsa","Drugs/Narcotics"
"947d2b00-1e91-4d1f-90bf-fe248bbbe14e","2026-09-11T16:06:01.519Z","1331","Swerving all over road","Criminal Motor Vehicle Offense (incl. Road Rage/Reckless)"
"11ee1fb6-6e93-47a4-8fec-d2ce6642d810","2026-09-11T17:03:48.981Z","1330","Swerving all over road","Criminal Motor Vehicle Offense (incl. Road Rage/Reckless)"
"3201fd2d-f572-4329-a784-702d347f368c","2026-09-11T17:50:48.722Z","1321","VCSA","Drugs/Narcotics"
"1d01ebc0-cb3b-47aa-90cd-44df1b07a5ec","2026-09-11T18:11:23.111Z","1328","Swerving all over road","Criminal Motor Vehicle Offense (incl. Road Rage/Reckless)"
"bae18cf4-b3b6-4859-8688-025d2e379eac","2026-09-11T18:14:23.103Z","1325","Reckless driving","Traffic Infraction"
"0973de9e-2e54-4388-ba56-b81d25eed2ef","2026-09-11T20:12:24.196Z","1","traffic complaint","Traffic Infraction"
"c0d728cf-788b-4932-bdd2-0fd1d7deae24","2026-09-12T07:18:15.751Z","1278","UDAA - BOL","Stolen Property Offenses"
"73e2e4d0-17fb-4f9a-8ead-4ee36865da5c","2026-09-12T07:24:58.858Z","1235","PC for DV","Assault/Battery Offenses (Domestic)"
"d2ea8e9d-695d-456f-ab3b-1712df9caa8c","2026-09-12T07:26:18.769Z","1235","Stolen Vehicle","Motor Vehicle Theft/Stolen"
"77c177da-aa97-4825-bd46-4988e44b29e8","2026-09-12T08:35:36.374Z","1329","stolen car","Motor Vehicle Theft/Stolen"
"156dae2e-2b20-4b69-a769-8ff53ef8c301","2026-09-12T09:02:31.279Z","1329","stolen car","Motor Vehicle Theft/Stolen"
"692047cd-cebe-4af7-8506-09802d27f694","2026-09-12T22:00:57.596Z","1325","Failed to pay at car was","City Planning/Traffic Analysis"
"ae3b3a2f-2c2b-4255-846c-8e94a783e99b","2026-09-12T22:42:19.135Z","1278","Larceny S1 Vehicle","Stolen Property Offenses"
"a5562ebf-6782-4648-b510-bc99634e21b7","2026-09-13T19:26:52.001Z","5","Swerving all over road","Traffic Infraction"
"c439d8fe-6622-4555-a15f-e41fcfd68431","2026-09-14T00:19:59.859Z","1278","CCW","Weapons Offense (Guns/Shots Fired)"
"41f7fe87-531e-4ac1-b1aa-a82eb6b2bfa1","2026-09-14T02:06:23.169Z","1278","CCW","Weapons Offense (Guns/Shots Fired)"
"e4f8d327-3bf4-4b74-8113-74e7504f7128","2026-09-14T03:08:22.519Z","1278","CCW","Weapons Offense (Guns/Shots Fired)"
"bd42b52f-6ba1-438b-92b7-65ec2ebe9781","2026-09-14T04:06:18.646Z","1278","CCW","Weapons Offense (Guns/Shots Fired)"
"cb259e04-9f31-432b-bd04-43f8160ce4d0","2026-09-14T16:09:40.921Z","1232","Locate vehicle","Larceny/Theft Offenses"
"833559bd-6e10-479c-99e2-fd15d30f462c","2026-09-14T20:02:34.972Z","1","Suspect Vehicle","Traffic Infraction"
"2a219a1a-89ca-4bdf-9e53-043e32265677","2026-09-15T00:25:08.889Z","1324","BOL","Driving Under the Influence (DUI/DWI/OWI/OVI)"
"6a6caa31-fcf4-4bda-8a26-122da20aafe3","2026-09-15T14:48:21.565Z","1269","RF","Larceny/Theft Offenses"
"fdc76139-986f-4bd0-9b41-c602e67315a6","2026-09-15T15:00:37.667Z","1268","RF","Larceny/Theft Offenses"
"c0b3ab4a-8002-47d4-afd5-1ebe00d757ed","2026-09-16T03:52:41.682Z","1260","OMG Info","Traffic Infraction"
"e6107f8e-d0b9-4bc4-98ca-6789972f8170","2026-09-16T21:37:40.307Z","1306","VCSA Transporting","Drugs/Narcotics"
"152951e1-3bcc-4714-8699-b5f210a44246","2026-09-16T22:03:12.031Z","1","VCSA Transporting","Drugs/Narcotics"
"8dc703ba-b806-4878-91b7-b7272933c094","2026-09-16T22:23:55.546Z","1262","Vcsa transport","Drugs/Narcotics"
"3475205c-5fca-4a3d-a9d3-b89a0b8de4f3","2026-09-16T22:30:54.002Z","1265","CCW","Weapons Offense (Guns/Shots Fired)"
"82038c2a-c3ca-4d60-b7d0-a6a219973fd3","2026-09-16T23:05:48.942Z","1262","Vcsa transport","Drugs/Narcotics"
"33d75a4e-bd7e-4d5b-b877-8309a9a6bbb4","2026-09-17T00:32:57.818Z","1265","CCW","Weapons Offense (Guns/Shots Fired)"
"cb5dcce8-bb37-4312-b45a-6f8963b7d4a9","2026-09-17T01:33:23.052Z","1265","CCW","Weapons Offense (Guns/Shots Fired)"
"eaef75d5-d884-454c-998d-ae0581790d3c","2026-09-17T02:01:31.577Z","1265","CCW","Weapons Offense (Guns/Shots Fired)"
"0ed9cf05-6b07-41f1-ac95-6e5e328d4926","2026-09-17T06:06:44.232Z","1255","CCW","Weapons Offense (Guns/Shots Fired)"
"0d370798-fdcc-47c5-9983-12d58029f4c3","2026-09-17T13:10:14.351Z","1251","Atl suspect","Wanted Person (Arrest Warrant/Fugitive), Sex Offenses"
"d31df626-87b4-4ff5-8c0e-edd1fa62eb8a","2026-09-17T14:17:55.155Z","1297","fugitive who committed reckless driving causing death","Wanted Person (Arrest Warrant/Fugitive)"
"18b222d0-9b42-4f6a-9ef7-17b1404b5c4e","2026-09-17T15:04:33.572Z","1297","fugitive who committed reckless driving causing death","Wanted Person (Arrest Warrant/Fugitive)"
"a7edc0d2-66ba-4c00-8ba6-c65037891a7f","2026-09-17T15:30:29.055Z","1253","Fugitive william blanchard","Wanted Person (Arrest Warrant/Fugitive)"
"7ee21007-b081-4635-a9c5-a4787afeacc4","2026-09-17T16:09:30.743Z","1253","Fugitive william blanchard","Wanted Person (Arrest Warrant/Fugitive)"
"ae022f31-c8e4-4cab-a9db-245e043394df","2026-09-17T17:46:51.394Z","1295","narcotics","Drugs/Narcotics"
"34768ed6-b50c-45c9-af81-6db27c991ce9","2026-09-17T18:46:51.385Z","1251","Dealer","Drugs/Narcotics"
"7a99be7e-6fd7-4ac8-8e55-5235e71b046d","2026-09-17T19:08:06.097Z","1251","Dealer","Drugs/Narcotics"
"73f58652-fcd2-4149-810a-d402edca84eb","2026-09-17T20:39:42.256Z","1251","Dealer","Drugs/Narcotics"
"38462240-643e-4bbe-a808-374105800b0f","2026-09-17T22:55:26.685Z","1254","CCW","Weapons Offense (Guns/Shots Fired)"
"04e9b002-e502-4dc6-bc5b-97de8e5a823c","2026-09-18T02:03:55.830Z","1254","CCW","Weapons Offense (Guns/Shots Fired)"
"d5e76fff-f4fb-49a2-8626-2cf97641a30c","2026-09-18T03:18:43.787Z","1254","CCW","Weapons Offense (Guns/Shots Fired)"
"50fcccfa-b09b-4a1a-a0fb-e2a914d1c3be","2026-09-18T04:28:13.124Z","1254","CCW","Weapons Offense (Guns/Shots Fired)"
"4680cdb3-b5d2-46c2-897c-f6f355f103e7","2026-09-18T05:01:23.170Z","1254","CCW","Weapons Offense (Guns/Shots Fired)"
"4bcc0ed3-e6f3-4637-8355-c1e70e63ee97","2026-09-18T17:05:54.155Z","1300","shoplifting","Larceny/Theft Offenses"
"7641802c-01d4-4c2a-ad29-88adfa5f4125","2026-09-18T17:06:24.917Z","1","S1 vehicle seen leaving store","Larceny/Theft Offenses"
"98cbeb81-571e-4b70-a8be-09a2c63e332b","2026-09-18T17:08:17.924Z","1249","Warrant","Wanted Person (Arrest Warrant/Fugitive)"
"c1e19fd5-d6c8-475a-9fae-1046c5fb9b82","2026-09-18T17:12:12.208Z","1300","SUBJECTS SHOPLIFTED AND DROVE OFF IN JEEP","Larceny/Theft Offenses"
"2bb2dce3-0ef4-48f0-a81b-d01525e22f83","2026-09-18T18:02:32.680Z","1300","shoplifting","Larceny/Theft Offenses"
"4e97d10a-54de-49a4-a0ce-98e593da2b63","2026-09-18T18:52:54.008Z","1","S1 vehicle seen leaving store","Larceny/Theft Offenses"
"44de1679-6217-48f3-b636-47767f623646","2026-09-18T20:01:51.769Z","1","S1 vehicle seen leaving store","Larceny/Theft Offenses"
"2d7825b8-3922-41a3-9c73-3bb4aae1908b","2026-09-19T21:26:41.938Z","1","FRAUD","Larceny/Theft Offenses"
"aac6de60-80c8-473e-a8ed-815a5039e96d","2026-09-19T23:17:48.933Z","1250","CCW","Weapons Offense (Guns/Shots Fired)"
"061f0851-d3e1-43c2-8015-59a4c98a0345","2026-09-20T01:17:17.995Z","1250","CCW","Weapons Offense (Guns/Shots Fired)"
"7342e88a-74b9-42f9-a6f1-f62061c08771","2026-09-20T10:31:16.625Z","1207","Udaa","Motor Vehicle Theft/Stolen"
"44f4e10a-5a3f-4666-8b69-5a8f9395fbbf","2026-09-20T14:18:24.673Z","1299","BOL","Hit and Run/Car Accident"
"9d245979-02c6-4328-b29e-5bff5e73f748","2026-09-21T18:21:55.302Z","1249","Warrant","Wanted Person (Arrest Warrant/Fugitive)"
"452c2a93-96aa-4990-8723-60b9bdd642b3","2026-09-21T20:18:12.183Z","1","UDAA","Motor Vehicle Theft/Stolen"
"54b2b770-f027-45ac-99b9-c5dbc525bc8d","2026-09-21T22:37:46.550Z","1247","hit and run suspect","Hit and Run/Car Accident"
"65f9b0e5-0853-490e-b68f-190ac8c9e452","2026-09-22T02:32:49.352Z","1","CCW","Weapons Offense (Guns/Shots Fired)"
"055e6e1c-ce68-45aa-b398-28ea44a853b6","2026-09-22T13:36:24.236Z","1291","stolen","Motor Vehicle Theft/Stolen"
"2706ecf8-9248-4d55-a893-836e2d53eaeb","2026-09-22T13:40:39.180Z","1","UDAA","Motor Vehicle Theft/Stolen"
"99743ba3-104f-498f-a426-0469b0b1b1e0","2026-09-22T13:42:55.112Z","1248","Fugitive poledore","Motor Vehicle Theft/Stolen"
"c34b39f2-9639-40c0-92fe-af8af16222b3","2026-09-22T14:04:28.131Z","1","UDAA","Motor Vehicle Theft/Stolen"
"bc58cb70-f2e8-45b9-beb6-57bf22e0316d","2026-09-22T14:14:59.874Z","1246","Fugitive poledore","Motor Vehicle Theft/Stolen"
"8ebd6cbe-f46b-4b53-8379-ace2ced44c06","2026-09-22T21:03:34.569Z","1","hit and run","Hit and Run/Car Accident"
"7943d186-2d40-4447-88a3-e7e28ef7ecaa","2026-09-22T21:36:00.523Z","1245","hit run suspect","Hit and Run/Car Accident"
"a40274e9-b9ad-4b9d-9617-1086b3b0ebca","2026-09-22T22:00:54.865Z","1","hit and run","Hit and Run/Car Accident"