"id","userId","searchDate","networkCount","reason"
"a9567a62-bc32-4cc4-a720-fd38c6eb84e5","***","2026-09-10T12:48:48.484Z","238","PDA"
"791ef3e6-0057-495c-9f87-378d58f5d742","***","2026-09-10T13:00:13.933Z","994","PDA"
"e9040a4d-885c-4274-afe2-1dbcd1256810","***","2026-09-10T13:02:00.021Z","992","pda investigation"
"fc097e7b-e715-4629-8405-e57e81e6f788","***","2026-09-10T14:14:23.361Z","1","pda investigation"
"da4a36fa-6eec-41f8-bfa8-f4994cdd7c28","***","2026-09-11T22:08:01.592Z","988","STOLEN"
"9f4083a4-7997-4703-afb6-4d41d14b3f52","***","2026-09-12T01:45:48.371Z","988","STOLEN"
"6d645858-b7ff-4f54-b902-4bcad2fb80ea","***","2026-09-15T14:33:19.522Z","39","bol huron"
"d37e24ae-9c66-4092-bd8d-9c3f93a1d9d9","***","2026-09-15T19:26:52.698Z","9","Huron BOL"
"60f21ad7-5441-4fea-90c1-3c3c98ea261e","***","2026-09-16T11:39:26.576Z","984","stolen vehicle"
"c325d127-d9d3-4768-a33e-8dfc400968dd","***","2026-09-28T06:35:40.500Z","1","Possible vehicle for assault"
"7d19d7fc-d561-4734-a579-1882b9b53517","***","2026-09-28T07:05:41.166Z","1","suspect vehicle"
"08050792-33f1-4cb5-9646-074aaf10728a","***","2026-09-29T11:23:07.790Z","964",""
"c620c8ac-b7ed-4977-ac4d-d00a507b636d","***","2026-09-29T11:25:58.146Z","1",""
"3b88234c-1f8f-4986-bd56-c70d7244bd4a","***","2026-09-29T11:41:36.381Z","236","theift"
"e50a6a29-4e65-4152-a2d5-720083a4022d","***","2026-09-29T12:21:10.610Z","5579","theift"
"6ed5cdfa-0719-46b7-baf1-297aea61e4f9","***","2026-09-29T12:38:10.028Z","964",""
"9a6c6248-c045-41ab-aa96-db4ea100ae07","***","2026-09-29T15:12:16.338Z","5571","theift"
"920266bc-f618-4562-bd1b-504b815f71c9","***","2026-09-29T17:30:33.606Z","5563","theift"
"cd143ae5-33b6-42b0-8dbd-b417776ea02c","***","2026-09-30T13:00:11.765Z","962","UDAA"
"2260aca5-5c04-40d2-a11b-448e54701a6a","***","2026-10-02T03:56:54.751Z","1","DRIVER OF VEHICLE IS A SUSPECT OF FELONIOUS ASSAULT"
"463e63ac-026d-4c99-9a7c-51c688bcf3cd","***","2026-10-02T04:00:52.818Z","952","ASSAULT SUSPECT"
"06219a54-2914-407a-bd1b-13fe957e2d77","***","2026-10-02T04:17:12.448Z","1","domestic"
"f6e9c634-f285-4018-9df7-0ecf2160205d","***","2026-10-02T13:57:49.362Z","1","Investigation"
"e853f155-141d-4f66-a066-c7a5b63b2181","***","2026-10-02T15:00:13.204Z","952","ARSON VEHICLE"
"65953989-e7e5-4f3c-83ed-d872b75f41e8","***","2026-10-02T16:01:34.563Z","5474","ARSON"
"6275c9ca-d4fc-420a-9a0f-cc0720b3628d","***","2026-10-05T13:56:50.310Z","910","flock hit"
"8162b32a-89af-4827-a2d5-caa707f6acc3","***","2026-10-05T17:56:03.895Z","909","Haleigh's vehicle"
"c632c26f-f9a8-4553-b0ff-1ea1145a781a","***","2026-10-08T00:53:23.483Z","949","stolen vehicle hit holiday west"